{
  "data": {
    "0": {
      "sources": [
        0
      ],
      "dage": 65,
      "matches": [
        {
          "recipient": 6,
          "score": 34
        },
        {
          "recipient": 12,
          "score": 27
        },
        {
          "recipient": 39,
          "score": 35
        }
      ],
      "bloodtype": "A"
    },
    "1": {
      "sources": [
        1
      ],
      "dage": 58,
      "matches": [
        {
          "recipient": 3,
          "score": 85
        },
        {
          "recipient": 6,
          "score": 77
        },
        {
          "recipient": 7,
          "score": 25
        },
        {
          "recipient": 12,
          "score": 41
        },
        {
          "recipient": 17,
          "score": 54
        },
        {
          "recipient": 21,
          "score": 70
        },
        {
          "recipient": 25,
          "score": 72
        },
        {
          "recipient": 28,
          "score": 79
        },
        {
          "recipient": 49,
          "score": 77
        }
      ],
      "bloodtype": "O"
    },
    "2": {
      "sources": [
        2
      ],
      "dage": 56,
      "matches": [
        {
          "recipient": 12,
          "score": 38
        },
        {
          "recipient": 18,
          "score": 86
        },
        {
          "recipient": 38,
          "score": 35
        }
      ],
      "bloodtype": "A"
    },
    "3": {
      "sources": [
        3
      ],
      "dage": 33,
      "matches": [
        {
          "recipient": 12,
          "score": 57
        },
        {
          "recipient": 25,
          "score": 85
        }
      ],
      "bloodtype": "A"
    },
    "4": {
      "sources": [
        4
      ],
      "dage": 38,
      "matches": [
        {
          "recipient": 6,
          "score": 85
        },
        {
          "recipient": 12,
          "score": 25
        },
        {
          "recipient": 25,
          "score": 4
        }
      ],
      "bloodtype": "A"
    },
    "5": {
      "sources": [
        5
      ],
      "dage": 41,
      "matches": [
        {
          "recipient": 2,
          "score": 55
        },
        {
          "recipient": 3,
          "score": 15
        },
        {
          "recipient": 6,
          "score": 74
        },
        {
          "recipient": 12,
          "score": 22
        },
        {
          "recipient": 21,
          "score": 44
        },
        {
          "recipient": 25,
          "score": 80
        },
        {
          "recipient": 28,
          "score": 55
        },
        {
          "recipient": 31,
          "score": 79
        },
        {
          "recipient": 45,
          "score": 86
        },
        {
          "recipient": 49,
          "score": 4
        }
      ],
      "bloodtype": "O"
    },
    "6": {
      "sources": [
        6
      ],
      "dage": 65,
      "matches": [
        {
          "recipient": 3,
          "score": 53
        },
        {
          "recipient": 8,
          "score": 14
        },
        {
          "recipient": 12,
          "score": 73
        },
        {
          "recipient": 17,
          "score": 33
        },
        {
          "recipient": 18,
          "score": 11
        },
        {
          "recipient": 19,
          "score": 65
        },
        {
          "recipient": 21,
          "score": 21
        },
        {
          "recipient": 28,
          "score": 17
        },
        {
          "recipient": 31,
          "score": 51
        },
        {
          "recipient": 41,
          "score": 71
        },
        {
          "recipient": 49,
          "score": 51
        }
      ],
      "bloodtype": "O"
    },
    "7": {
      "sources": [
        7
      ],
      "dage": 45,
      "bloodtype": "AB"
    },
    "8": {
      "sources": [
        8
      ],
      "dage": 41,
      "matches": [
        {
          "recipient": 12,
          "score": 36
        },
        {
          "recipient": 18,
          "score": 67
        }
      ],
      "bloodtype": "A"
    },
    "9": {
      "sources": [
        9
      ],
      "dage": 35,
      "matches": [
        {
          "recipient": 3,
          "score": 37
        },
        {
          "recipient": 6,
          "score": 78
        },
        {
          "recipient": 12,
          "score": 32
        },
        {
          "recipient": 15,
          "score": 6
        },
        {
          "recipient": 21,
          "score": 60
        },
        {
          "recipient": 24,
          "score": 28
        },
        {
          "recipient": 28,
          "score": 36
        },
        {
          "recipient": 31,
          "score": 25
        },
        {
          "recipient": 32,
          "score": 27
        },
        {
          "recipient": 40,
          "score": 85
        },
        {
          "recipient": 41,
          "score": 34
        },
        {
          "recipient": 46,
          "score": 19
        },
        {
          "recipient": 49,
          "score": 71
        }
      ],
      "bloodtype": "O"
    },
    "10": {
      "sources": [
        10
      ],
      "dage": 66,
      "matches": [
        {
          "recipient": 6,
          "score": 22
        },
        {
          "recipient": 12,
          "score": 67
        }
      ],
      "bloodtype": "A"
    },
    "11": {
      "sources": [
        11
      ],
      "dage": 43,
      "matches": [
        {
          "recipient": 6,
          "score": 51
        },
        {
          "recipient": 12,
          "score": 47
        },
        {
          "recipient": 17,
          "score": 42
        },
        {
          "recipient": 21,
          "score": 30
        },
        {
          "recipient": 24,
          "score": 63
        },
        {
          "recipient": 28,
          "score": 82
        },
        {
          "recipient": 31,
          "score": 85
        },
        {
          "recipient": 47,
          "score": 52
        },
        {
          "recipient": 49,
          "score": 8
        }
      ],
      "bloodtype": "O"
    },
    "12": {
      "sources": [
        12
      ],
      "dage": 68,
      "matches": [
        {
          "recipient": 18,
          "score": 15
        },
        {
          "recipient": 48,
          "score": 8
        }
      ],
      "bloodtype": "B"
    },
    "13": {
      "sources": [
        13
      ],
      "dage": 30,
      "matches": [
        {
          "recipient": 6,
          "score": 79
        },
        {
          "recipient": 12,
          "score": 46
        },
        {
          "recipient": 25,
          "score": 84
        }
      ],
      "bloodtype": "A"
    },
    "14": {
      "sources": [
        14
      ],
      "dage": 38,
      "matches": [
        {
          "recipient": 3,
          "score": 62
        },
        {
          "recipient": 6,
          "score": 21
        },
        {
          "recipient": 12,
          "score": 84
        },
        {
          "recipient": 13,
          "score": 59
        },
        {
          "recipient": 17,
          "score": 1
        },
        {
          "recipient": 21,
          "score": 45
        },
        {
          "recipient": 24,
          "score": 42
        },
        {
          "recipient": 27,
          "score": 25
        },
        {
          "recipient": 28,
          "score": 70
        },
        {
          "recipient": 31,
          "score": 12
        },
        {
          "recipient": 32,
          "score": 8
        },
        {
          "recipient": 40,
          "score": 54
        },
        {
          "recipient": 49,
          "score": 59
        }
      ],
      "bloodtype": "O"
    },
    "15": {
      "sources": [
        15
      ],
      "dage": 25,
      "bloodtype": "B"
    },
    "16": {
      "sources": [
        16
      ],
      "dage": 30,
      "bloodtype": "B"
    },
    "17": {
      "sources": [
        17
      ],
      "dage": 20,
      "matches": [
        {
          "recipient": 12,
          "score": 67
        },
        {
          "recipient": 25,
          "score": 8
        }
      ],
      "bloodtype": "A"
    },
    "18": {
      "sources": [
        18
      ],
      "dage": 38,
      "matches": [
        {
          "recipient": 12,
          "score": 32
        },
        {
          "recipient": 15,
          "score": 48
        },
        {
          "recipient": 17,
          "score": 37
        },
        {
          "recipient": 21,
          "score": 55
        },
        {
          "recipient": 28,
          "score": 49
        },
        {
          "recipient": 31,
          "score": 8
        },
        {
          "recipient": 32,
          "score": 53
        },
        {
          "recipient": 41,
          "score": 64
        },
        {
          "recipient": 45,
          "score": 57
        },
        {
          "recipient": 49,
          "score": 43
        }
      ],
      "bloodtype": "O"
    },
    "19": {
      "sources": [
        19
      ],
      "dage": 32,
      "matches": [
        {
          "recipient": 6,
          "score": 64
        },
        {
          "recipient": 12,
          "score": 51
        },
        {
          "recipient": 25,
          "score": 55
        }
      ],
      "bloodtype": "A"
    },
    "20": {
      "sources": [
        20
      ],
      "dage": 21,
      "matches": [
        {
          "recipient": 12,
          "score": 55
        }
      ],
      "bloodtype": "A"
    },
    "21": {
      "sources": [
        21
      ],
      "dage": 48,
      "matches": [
        {
          "recipient": 6,
          "score": 16
        },
        {
          "recipient": 12,
          "score": 30
        },
        {
          "recipient": 25,
          "score": 80
        }
      ],
      "bloodtype": "A"
    },
    "22": {
      "sources": [
        22
      ],
      "dage": 45,
      "matches": [
        {
          "recipient": 2,
          "score": 4
        },
        {
          "recipient": 4,
          "score": 12
        },
        {
          "recipient": 12,
          "score": 9
        },
        {
          "recipient": 13,
          "score": 80
        },
        {
          "recipient": 17,
          "score": 27
        },
        {
          "recipient": 20,
          "score": 53
        },
        {
          "recipient": 21,
          "score": 1
        },
        {
          "recipient": 24,
          "score": 22
        },
        {
          "recipient": 25,
          "score": 7
        },
        {
          "recipient": 28,
          "score": 89
        },
        {
          "recipient": 32,
          "score": 75
        }
      ],
      "bloodtype": "O"
    },
    "23": {
      "sources": [
        23
      ],
      "dage": 49,
      "matches": [
        {
          "recipient": 3,
          "score": 86
        },
        {
          "recipient": 6,
          "score": 48
        },
        {
          "recipient": 7,
          "score": 41
        },
        {
          "recipient": 12,
          "score": 48
        },
        {
          "recipient": 15,
          "score": 34
        },
        {
          "recipient": 17,
          "score": 88
        },
        {
          "recipient": 19,
          "score": 10
        },
        {
          "recipient": 21,
          "score": 58
        },
        {
          "recipient": 24,
          "score": 88
        },
        {
          "recipient": 28,
          "score": 83
        },
        {
          "recipient": 29,
          "score": 65
        },
        {
          "recipient": 31,
          "score": 2
        },
        {
          "recipient": 32,
          "score": 90
        },
        {
          "recipient": 49,
          "score": 12
        }
      ],
      "bloodtype": "O"
    },
    "24": {
      "sources": [
        24
      ],
      "dage": 31,
      "matches": [
        {
          "recipient": 3,
          "score": 88
        },
        {
          "recipient": 6,
          "score": 88
        },
        {
          "recipient": 12,
          "score": 66
        },
        {
          "recipient": 16,
          "score": 62
        },
        {
          "recipient": 18,
          "score": 25
        },
        {
          "recipient": 21,
          "score": 76
        },
        {
          "recipient": 25,
          "score": 56
        },
        {
          "recipient": 28,
          "score": 80
        },
        {
          "recipient": 31,
          "score": 58
        },
        {
          "recipient": 32,
          "score": 70
        },
        {
          "recipient": 49,
          "score": 81
        }
      ],
      "bloodtype": "O"
    },
    "25": {
      "sources": [
        25
      ],
      "dage": 37,
      "matches": [
        {
          "recipient": 6,
          "score": 64
        },
        {
          "recipient": 12,
          "score": 63
        }
      ],
      "bloodtype": "A"
    },
    "26": {
      "sources": [
        26
      ],
      "dage": 20,
      "matches": [
        {
          "recipient": 2,
          "score": 85
        },
        {
          "recipient": 3,
          "score": 83
        },
        {
          "recipient": 6,
          "score": 35
        },
        {
          "recipient": 12,
          "score": 71
        },
        {
          "recipient": 17,
          "score": 64
        },
        {
          "recipient": 18,
          "score": 61
        },
        {
          "recipient": 19,
          "score": 68
        },
        {
          "recipient": 21,
          "score": 58
        },
        {
          "recipient": 25,
          "score": 4
        },
        {
          "recipient": 28,
          "score": 53
        },
        {
          "recipient": 31,
          "score": 8
        },
        {
          "recipient": 32,
          "score": 14
        },
        {
          "recipient": 38,
          "score": 34
        },
        {
          "recipient": 49,
          "score": 69
        }
      ],
      "bloodtype": "O"
    },
    "27": {
      "sources": [
        27
      ],
      "dage": 33,
      "matches": [
        {
          "recipient": 3,
          "score": 89
        },
        {
          "recipient": 6,
          "score": 10
        },
        {
          "recipient": 12,
          "score": 58
        },
        {
          "recipient": 15,
          "score": 73
        },
        {
          "recipient": 17,
          "score": 47
        },
        {
          "recipient": 20,
          "score": 86
        },
        {
          "recipient": 21,
          "score": 82
        },
        {
          "recipient": 28,
          "score": 53
        },
        {
          "recipient": 29,
          "score": 42
        },
        {
          "recipient": 31,
          "score": 21
        },
        {
          "recipient": 32,
          "score": 55
        },
        {
          "recipient": 33,
          "score": 86
        },
        {
          "recipient": 41,
          "score": 31
        },
        {
          "recipient": 49,
          "score": 28
        }
      ],
      "bloodtype": "O"
    },
    "28": {
      "sources": [
        28
      ],
      "dage": 63,
      "bloodtype": "AB"
    },
    "29": {
      "sources": [
        29
      ],
      "dage": 25,
      "matches": [
        {
          "recipient": 6,
          "score": 77
        },
        {
          "recipient": 12,
          "score": 2
        },
        {
          "recipient": 18,
          "score": 71
        },
        {
          "recipient": 25,
          "score": 39
        }
      ],
      "bloodtype": "A"
    },
    "30": {
      "sources": [
        30
      ],
      "dage": 18,
      "matches": [
        {
          "recipient": 5,
          "score": 23
        },
        {
          "recipient": 6,
          "score": 36
        },
        {
          "recipient": 12,
          "score": 84
        },
        {
          "recipient": 17,
          "score": 38
        },
        {
          "recipient": 21,
          "score": 72
        },
        {
          "recipient": 25,
          "score": 10
        },
        {
          "recipient": 28,
          "score": 65
        },
        {
          "recipient": 31,
          "score": 5
        },
        {
          "recipient": 49,
          "score": 72
        }
      ],
      "bloodtype": "O"
    },
    "31": {
      "sources": [
        31
      ],
      "dage": 62,
      "matches": [
        {
          "recipient": 6,
          "score": 19
        },
        {
          "recipient": 12,
          "score": 23
        },
        {
          "recipient": 25,
          "score": 39
        }
      ],
      "bloodtype": "A"
    },
    "32": {
      "sources": [
        32
      ],
      "dage": 22,
      "matches": [
        {
          "recipient": 18,
          "score": 49
        }
      ],
      "bloodtype": "B"
    },
    "33": {
      "sources": [
        33
      ],
      "dage": 24,
      "matches": [
        {
          "recipient": 5,
          "score": 41
        },
        {
          "recipient": 6,
          "score": 74
        },
        {
          "recipient": 12,
          "score": 67
        },
        {
          "recipient": 15,
          "score": 77
        },
        {
          "recipient": 17,
          "score": 10
        },
        {
          "recipient": 20,
          "score": 18
        },
        {
          "recipient": 21,
          "score": 76
        },
        {
          "recipient": 28,
          "score": 67
        },
        {
          "recipient": 31,
          "score": 45
        },
        {
          "recipient": 32,
          "score": 35
        },
        {
          "recipient": 49,
          "score": 55
        }
      ],
      "bloodtype": "O"
    },
    "34": {
      "sources": [
        34
      ],
      "dage": 35,
      "matches": [
        {
          "recipient": 12,
          "score": 40
        },
        {
          "recipient": 18,
          "score": 29
        },
        {
          "recipient": 25,
          "score": 40
        }
      ],
      "bloodtype": "A"
    },
    "35": {
      "sources": [
        35
      ],
      "dage": 67,
      "bloodtype": "AB"
    },
    "36": {
      "sources": [
        36
      ],
      "dage": 38,
      "matches": [
        {
          "recipient": 6,
          "score": 10
        },
        {
          "recipient": 12,
          "score": 16
        }
      ],
      "bloodtype": "A"
    },
    "37": {
      "sources": [
        37
      ],
      "dage": 55,
      "matches": [
        {
          "recipient": 2,
          "score": 27
        },
        {
          "recipient": 6,
          "score": 89
        },
        {
          "recipient": 12,
          "score": 27
        },
        {
          "recipient": 15,
          "score": 65
        },
        {
          "recipient": 16,
          "score": 29
        },
        {
          "recipient": 17,
          "score": 57
        },
        {
          "recipient": 21,
          "score": 43
        },
        {
          "recipient": 24,
          "score": 58
        },
        {
          "recipient": 28,
          "score": 16
        },
        {
          "recipient": 31,
          "score": 21
        },
        {
          "recipient": 48,
          "score": 24
        },
        {
          "recipient": 49,
          "score": 74
        }
      ],
      "bloodtype": "O"
    },
    "38": {
      "sources": [
        38
      ],
      "dage": 27,
      "matches": [
        {
          "recipient": 12,
          "score": 67
        },
        {
          "recipient": 13,
          "score": 16
        },
        {
          "recipient": 17,
          "score": 83
        },
        {
          "recipient": 21,
          "score": 71
        },
        {
          "recipient": 25,
          "score": 53
        },
        {
          "recipient": 28,
          "score": 70
        },
        {
          "recipient": 31,
          "score": 39
        },
        {
          "recipient": 45,
          "score": 47
        },
        {
          "recipient": 49,
          "score": 69
        }
      ],
      "bloodtype": "O"
    },
    "39": {
      "sources": [
        39
      ],
      "dage": 34,
      "matches": [
        {
          "recipient": 12,
          "score": 13
        }
      ],
      "bloodtype": "A"
    },
    "40": {
      "sources": [
        40
      ],
      "dage": 33,
      "matches": [
        {
          "recipient": 6,
          "score": 4
        },
        {
          "recipient": 12,
          "score": 79
        },
        {
          "recipient": 25,
          "score": 37
        }
      ],
      "bloodtype": "A"
    },
    "41": {
      "sources": [
        41
      ],
      "dage": 36,
      "matches": [
        {
          "recipient": 6,
          "score": 32
        },
        {
          "recipient": 12,
          "score": 15
        }
      ],
      "bloodtype": "A"
    },
    "42": {
      "sources": [
        42
      ],
      "dage": 54,
      "matches": [
        {
          "recipient": 6,
          "score": 48
        },
        {
          "recipient": 12,
          "score": 24
        },
        {
          "recipient": 17,
          "score": 31
        },
        {
          "recipient": 18,
          "score": 89
        },
        {
          "recipient": 21,
          "score": 73
        },
        {
          "recipient": 24,
          "score": 81
        },
        {
          "recipient": 28,
          "score": 80
        },
        {
          "recipient": 31,
          "score": 24
        },
        {
          "recipient": 49,
          "score": 58
        }
      ],
      "bloodtype": "O"
    },
    "43": {
      "sources": [
        43
      ],
      "dage": 30,
      "matches": [
        {
          "recipient": 12,
          "score": 12
        },
        {
          "recipient": 17,
          "score": 37
        },
        {
          "recipient": 19,
          "score": 50
        },
        {
          "recipient": 21,
          "score": 37
        },
        {
          "recipient": 24,
          "score": 52
        },
        {
          "recipient": 28,
          "score": 68
        },
        {
          "recipient": 31,
          "score": 88
        },
        {
          "recipient": 38,
          "score": 84
        },
        {
          "recipient": 49,
          "score": 38
        }
      ],
      "bloodtype": "O"
    },
    "44": {
      "sources": [
        44
      ],
      "dage": 46,
      "matches": [
        {
          "recipient": 18,
          "score": 8
        },
        {
          "recipient": 48,
          "score": 3
        }
      ],
      "bloodtype": "B"
    },
    "45": {
      "sources": [
        45
      ],
      "dage": 39,
      "matches": [
        {
          "recipient": 6,
          "score": 55
        },
        {
          "recipient": 10,
          "score": 68
        },
        {
          "recipient": 12,
          "score": 48
        }
      ],
      "bloodtype": "A"
    },
    "46": {
      "sources": [
        46
      ],
      "dage": 68,
      "matches": [
        {
          "recipient": 2,
          "score": 65
        },
        {
          "recipient": 6,
          "score": 17
        },
        {
          "recipient": 12,
          "score": 53
        },
        {
          "recipient": 17,
          "score": 49
        },
        {
          "recipient": 21,
          "score": 77
        },
        {
          "recipient": 24,
          "score": 18
        },
        {
          "recipient": 25,
          "score": 41
        },
        {
          "recipient": 28,
          "score": 84
        },
        {
          "recipient": 31,
          "score": 8
        },
        {
          "recipient": 32,
          "score": 3
        },
        {
          "recipient": 48,
          "score": 83
        },
        {
          "recipient": 49,
          "score": 79
        }
      ],
      "bloodtype": "O"
    },
    "47": {
      "sources": [
        47
      ],
      "dage": 23,
      "matches": [
        {
          "recipient": 6,
          "score": 16
        },
        {
          "recipient": 12,
          "score": 66
        },
        {
          "recipient": 13,
          "score": 84
        },
        {
          "recipient": 17,
          "score": 81
        },
        {
          "recipient": 19,
          "score": 38
        },
        {
          "recipient": 21,
          "score": 39
        },
        {
          "recipient": 22,
          "score": 58
        },
        {
          "recipient": 25,
          "score": 9
        },
        {
          "recipient": 32,
          "score": 36
        },
        {
          "recipient": 34,
          "score": 45
        },
        {
          "recipient": 40,
          "score": 52
        },
        {
          "recipient": 41,
          "score": 86
        },
        {
          "recipient": 48,
          "score": 57
        },
        {
          "recipient": 49,
          "score": 83
        }
      ],
      "bloodtype": "O"
    },
    "48": {
      "sources": [
        48
      ],
      "dage": 68,
      "matches": [
        {
          "recipient": 6,
          "score": 54
        },
        {
          "recipient": 12,
          "score": 76
        },
        {
          "recipient": 18,
          "score": 19
        },
        {
          "recipient": 20,
          "score": 67
        },
        {
          "recipient": 21,
          "score": 52
        },
        {
          "recipient": 28,
          "score": 7
        },
        {
          "recipient": 31,
          "score": 8
        },
        {
          "recipient": 49,
          "score": 83
        }
      ],
      "bloodtype": "O"
    },
    "49": {
      "sources": [
        49
      ],
      "dage": 45,
      "matches": [
        {
          "recipient": 12,
          "score": 11
        },
        {
          "recipient": 25,
          "score": 48
        }
      ],
      "bloodtype": "A"
    },
    "50": {
      "altruistic": true,
      "dage": 48,
      "matches": [
        {
          "recipient": 3,
          "score": 2
        },
        {
          "recipient": 12,
          "score": 5
        },
        {
          "recipient": 13,
          "score": 55
        },
        {
          "recipient": 19,
          "score": 42
        },
        {
          "recipient": 20,
          "score": 35
        },
        {
          "recipient": 21,
          "score": 86
        },
        {
          "recipient": 28,
          "score": 28
        },
        {
          "recipient": 31,
          "score": 9
        },
        {
          "recipient": 32,
          "score": 85
        },
        {
          "recipient": 49,
          "score": 62
        }
      ],
      "bloodtype": "O"
    },
    "51": {
      "altruistic": true,
      "dage": 22,
      "matches": [
        {
          "recipient": 6,
          "score": 13
        },
        {
          "recipient": 12,
          "score": 45
        },
        {
          "recipient": 17,
          "score": 33
        },
        {
          "recipient": 21,
          "score": 21
        },
        {
          "recipient": 26,
          "score": 87
        },
        {
          "recipient": 28,
          "score": 50
        },
        {
          "recipient": 31,
          "score": 36
        },
        {
          "recipient": 32,
          "score": 7
        },
        {
          "recipient": 43,
          "score": 63
        },
        {
          "recipient": 49,
          "score": 34
        }
      ],
      "bloodtype": "O"
    },
    "52": {
      "altruistic": true,
      "dage": 27,
      "matches": [
        {
          "recipient": 48,
          "score": 9
        }
      ],
      "bloodtype": "B"
    },
    "53": {
      "altruistic": true,
      "dage": 21,
      "matches": [
        {
          "recipient": 12,
          "score": 19
        },
        {
          "recipient": 25,
          "score": 24
        }
      ],
      "bloodtype": "A"
    },
    "54": {
      "altruistic": true,
      "dage": 34,
      "matches": [
        {
          "recipient": 0,
          "score": 64
        },
        {
          "recipient": 6,
          "score": 78
        },
        {
          "recipient": 12,
          "score": 24
        },
        {
          "recipient": 25,
          "score": 61
        }
      ],
      "bloodtype": "A"
    }
  },
  "recipients": {
    "0": {
      "cPRA": 1,
      "bloodtype": "A",
      "hasBloodCompatibleDonor": true
    },
    "1": {
      "cPRA": 1,
      "bloodtype": "O",
      "hasBloodCompatibleDonor": true
    },
    "2": {
      "cPRA": 0,
      "bloodtype": "O",
      "hasBloodCompatibleDonor": false
    },
    "3": {
      "cPRA": 0,
      "bloodtype": "O",
      "hasBloodCompatibleDonor": false
    },
    "4": {
      "cPRA": 0.99,
      "bloodtype": "B",
      "hasBloodCompatibleDonor": false
    },
    "5": {
      "cPRA": 1,
      "bloodtype": "O",
      "hasBloodCompatibleDonor": true
    },
    "6": {
      "cPRA": 0,
      "bloodtype": "A",
      "hasBloodCompatibleDonor": true
    },
    "7": {
      "cPRA": 0.8738377617789896,
      "bloodtype": "O",
      "hasBloodCompatibleDonor": false
    },
    "8": {
      "cPRA": 0.99,
      "bloodtype": "A",
      "hasBloodCompatibleDonor": true
    },
    "9": {
      "cPRA": 0.824076108454041,
      "bloodtype": "O",
      "hasBloodCompatibleDonor": true
    },
    "10": {
      "cPRA": 1,
      "bloodtype": "A",
      "hasBloodCompatibleDonor": true
    },
    "11": {
      "cPRA": 0.98,
      "bloodtype": "O",
      "hasBloodCompatibleDonor": true
    },
    "12": {
      "cPRA": 0,
      "bloodtype": "A",
      "hasBloodCompatibleDonor": false
    },
    "13": {
      "cPRA": 0.7331885859532745,
      "bloodtype": "O",
      "hasBloodCompatibleDonor": false
    },
    "14": {
      "cPRA": 0.99,
      "bloodtype": "B",
      "hasBloodCompatibleDonor": true
    },
    "15": {
      "cPRA": 0,
      "bloodtype": "O",
      "hasBloodCompatibleDonor": false
    },
    "16": {
      "cPRA": 0.8409504659211143,
      "bloodtype": "B",
      "hasBloodCompatibleDonor": true
    },
    "17": {
      "cPRA": 0,
      "bloodtype": "O",
      "hasBloodCompatibleDonor": false
    },
    "18": {
      "cPRA": 0,
      "bloodtype": "AB",
      "hasBloodCompatibleDonor": true
    },
    "19": {
      "cPRA": 0.6402682066344456,
      "bloodtype": "O",
      "hasBloodCompatibleDonor": false
    },
    "20": {
      "cPRA": 0,
      "bloodtype": "O",
      "hasBloodCompatibleDonor": false
    },
    "21": {
      "cPRA": 0,
      "bloodtype": "O",
      "hasBloodCompatibleDonor": false
    },
    "22": {
      "cPRA": 1,
      "bloodtype": "O",
      "hasBloodCompatibleDonor": true
    },
    "23": {
      "cPRA": 1,
      "bloodtype": "O",
      "hasBloodCompatibleDonor": true
    },
    "24": {
      "cPRA": 0.28981944330303455,
      "bloodtype": "O",
      "hasBloodCompatibleDonor": true
    },
    "25": {
      "cPRA": 0.49893638462124723,
      "bloodtype": "A",
      "hasBloodCompatibleDonor": true
    },
    "26": {
      "cPRA": 1,
      "bloodtype": "O",
      "hasBloodCompatibleDonor": true
    },
    "27": {
      "cPRA": 0.99,
      "bloodtype": "O",
      "hasBloodCompatibleDonor": true
    },
    "28": {
      "cPRA": 0,
      "bloodtype": "O",
      "hasBloodCompatibleDonor": false
    },
    "29": {
      "cPRA": 1,
      "bloodtype": "A",
      "hasBloodCompatibleDonor": true
    },
    "30": {
      "cPRA": 1,
      "bloodtype": "B",
      "hasBloodCompatibleDonor": true
    },
    "31": {
      "cPRA": 0,
      "bloodtype": "O",
      "hasBloodCompatibleDonor": false
    },
    "32": {
      "cPRA": 0.08205247983579021,
      "bloodtype": "O",
      "hasBloodCompatibleDonor": false
    },
    "33": {
      "cPRA": 0.897461871096045,
      "bloodtype": "O",
      "hasBloodCompatibleDonor": true
    },
    "34": {
      "cPRA": 0.95,
      "bloodtype": "B",
      "hasBloodCompatibleDonor": false
    },
    "35": {
      "cPRA": 1,
      "bloodtype": "O",
      "hasBloodCompatibleDonor": false
    },
    "36": {
      "cPRA": 0.98,
      "bloodtype": "A",
      "hasBloodCompatibleDonor": true
    },
    "37": {
      "cPRA": 1,
      "bloodtype": "O",
      "hasBloodCompatibleDonor": true
    },
    "38": {
      "cPRA": 1,
      "bloodtype": "A",
      "hasBloodCompatibleDonor": true
    },
    "39": {
      "cPRA": 1,
      "bloodtype": "A",
      "hasBloodCompatibleDonor": true
    },
    "40": {
      "cPRA": 0.92,
      "bloodtype": "O",
      "hasBloodCompatibleDonor": false
    },
    "41": {
      "cPRA": 0,
      "bloodtype": "O",
      "hasBloodCompatibleDonor": false
    },
    "42": {
      "cPRA": 0.98,
      "bloodtype": "O",
      "hasBloodCompatibleDonor": true
    },
    "43": {
      "cPRA": 0.96,
      "bloodtype": "O",
      "hasBloodCompatibleDonor": true
    },
    "44": {
      "cPRA": 1,
      "bloodtype": "AB",
      "hasBloodCompatibleDonor": true
    },
    "45": {
      "cPRA": 0.92,
      "bloodtype": "O",
      "hasBloodCompatibleDonor": false
    },
    "46": {
      "cPRA": 1,
      "bloodtype": "A",
      "hasBloodCompatibleDonor": true
    },
    "47": {
      "cPRA": 0.92,
      "bloodtype": "O",
      "hasBloodCompatibleDonor": true
    },
    "48": {
      "cPRA": 0.7010629008028769,
      "bloodtype": "B",
      "hasBloodCompatibleDonor": true
    },
    "49": {
      "cPRA": 0,
      "bloodtype": "O",
      "hasBloodCompatibleDonor": false
    }
  }
}