{
  "data": {
    "0": {
      "sources": [
        0
      ],
      "dage": 58,
      "matches": [
        {
          "recipient": 27,
          "score": 25
        },
        {
          "recipient": 43,
          "score": 14
        }
      ],
      "bloodtype": "A"
    },
    "1": {
      "sources": [
        1
      ],
      "dage": 54,
      "matches": [
        {
          "recipient": 19,
          "score": 83
        },
        {
          "recipient": 22,
          "score": 36
        },
        {
          "recipient": 38,
          "score": 30
        },
        {
          "recipient": 43,
          "score": 13
        }
      ],
      "bloodtype": "A"
    },
    "2": {
      "sources": [
        2
      ],
      "dage": 27,
      "matches": [
        {
          "recipient": 5,
          "score": 38
        },
        {
          "recipient": 12,
          "score": 37
        },
        {
          "recipient": 13,
          "score": 38
        },
        {
          "recipient": 19,
          "score": 41
        },
        {
          "recipient": 21,
          "score": 19
        },
        {
          "recipient": 33,
          "score": 69
        },
        {
          "recipient": 38,
          "score": 63
        },
        {
          "recipient": 43,
          "score": 5
        },
        {
          "recipient": 48,
          "score": 49
        }
      ],
      "bloodtype": "O"
    },
    "3": {
      "sources": [
        3
      ],
      "dage": 54,
      "matches": [
        {
          "recipient": 13,
          "score": 36
        },
        {
          "recipient": 15,
          "score": 77
        }
      ],
      "bloodtype": "B"
    },
    "4": {
      "sources": [
        4
      ],
      "dage": 28,
      "matches": [
        {
          "recipient": 38,
          "score": 30
        }
      ],
      "bloodtype": "A"
    },
    "5": {
      "sources": [
        5
      ],
      "dage": 68,
      "matches": [
        {
          "recipient": 11,
          "score": 84
        },
        {
          "recipient": 43,
          "score": 81
        }
      ],
      "bloodtype": "A"
    },
    "6": {
      "sources": [
        6
      ],
      "dage": 43,
      "matches": [
        {
          "recipient": 5,
          "score": 62
        },
        {
          "recipient": 7,
          "score": 55
        },
        {
          "recipient": 13,
          "score": 34
        },
        {
          "recipient": 21,
          "score": 84
        },
        {
          "recipient": 29,
          "score": 39
        },
        {
          "recipient": 33,
          "score": 68
        },
        {
          "recipient": 43,
          "score": 57
        },
        {
          "recipient": 45,
          "score": 59
        }
      ],
      "bloodtype": "O"
    },
    "7": {
      "sources": [
        7
      ],
      "dage": 25,
      "matches": [
        {
          "recipient": 19,
          "score": 41
        },
        {
          "recipient": 22,
          "score": 49
        },
        {
          "recipient": 38,
          "score": 19
        },
        {
          "recipient": 43,
          "score": 90
        }
      ],
      "bloodtype": "A"
    },
    "8": {
      "sources": [
        8
      ],
      "dage": 38,
      "matches": [
        {
          "recipient": 19,
          "score": 54
        },
        {
          "recipient": 38,
          "score": 89
        },
        {
          "recipient": 43,
          "score": 64
        },
        {
          "recipient": 45,
          "score": 14
        }
      ],
      "bloodtype": "A"
    },
    "9": {
      "sources": [
        9
      ],
      "dage": 57,
      "matches": [
        {
          "recipient": 13,
          "score": 87
        },
        {
          "recipient": 15,
          "score": 56
        }
      ],
      "bloodtype": "B"
    },
    "10": {
      "sources": [
        10
      ],
      "dage": 19,
      "matches": [
        {
          "recipient": 13,
          "score": 54
        },
        {
          "recipient": 15,
          "score": 77
        }
      ],
      "bloodtype": "B"
    },
    "11": {
      "sources": [
        11
      ],
      "dage": 33,
      "matches": [
        {
          "recipient": 38,
          "score": 83
        },
        {
          "recipient": 43,
          "score": 61
        }
      ],
      "bloodtype": "A"
    },
    "12": {
      "sources": [
        12
      ],
      "dage": 25,
      "matches": [
        {
          "recipient": 37,
          "score": 70
        },
        {
          "recipient": 38,
          "score": 69
        }
      ],
      "bloodtype": "A"
    },
    "13": {
      "sources": [
        13
      ],
      "dage": 64,
      "matches": [
        {
          "recipient": 43,
          "score": 44
        }
      ],
      "bloodtype": "A"
    },
    "14": {
      "sources": [
        14
      ],
      "dage": 42,
      "bloodtype": "AB"
    },
    "15": {
      "sources": [
        15
      ],
      "dage": 33,
      "matches": [
        {
          "recipient": 11,
          "score": 18
        },
        {
          "recipient": 19,
          "score": 88
        },
        {
          "recipient": 38,
          "score": 34
        },
        {
          "recipient": 43,
          "score": 31
        },
        {
          "recipient": 45,
          "score": 22
        }
      ],
      "bloodtype": "A"
    },
    "16": {
      "sources": [
        16
      ],
      "dage": 52,
      "matches": [
        {
          "recipient": 43,
          "score": 43
        }
      ],
      "bloodtype": "A"
    },
    "17": {
      "sources": [
        17
      ],
      "dage": 26,
      "matches": [
        {
          "recipient": 5,
          "score": 11
        },
        {
          "recipient": 7,
          "score": 52
        },
        {
          "recipient": 10,
          "score": 54
        },
        {
          "recipient": 13,
          "score": 88
        },
        {
          "recipient": 15,
          "score": 54
        },
        {
          "recipient": 21,
          "score": 34
        },
        {
          "recipient": 29,
          "score": 64
        },
        {
          "recipient": 43,
          "score": 75
        },
        {
          "recipient": 45,
          "score": 25
        }
      ],
      "bloodtype": "O"
    },
    "18": {
      "sources": [
        18
      ],
      "dage": 38,
      "matches": [
        {
          "recipient": 19,
          "score": 12
        },
        {
          "recipient": 38,
          "score": 64
        },
        {
          "recipient": 43,
          "score": 86
        }
      ],
      "bloodtype": "A"
    },
    "19": {
      "sources": [
        19
      ],
      "dage": 40,
      "matches": [
        {
          "recipient": 38,
          "score": 48
        },
        {
          "recipient": 45,
          "score": 23
        }
      ],
      "bloodtype": "A"
    },
    "20": {
      "sources": [
        20
      ],
      "dage": 54,
      "matches": [
        {
          "recipient": 7,
          "score": 63
        },
        {
          "recipient": 13,
          "score": 11
        },
        {
          "recipient": 19,
          "score": 45
        },
        {
          "recipient": 21,
          "score": 29
        },
        {
          "recipient": 23,
          "score": 46
        },
        {
          "recipient": 38,
          "score": 25
        },
        {
          "recipient": 43,
          "score": 23
        }
      ],
      "bloodtype": "O"
    },
    "21": {
      "sources": [
        21
      ],
      "dage": 47,
      "matches": [
        {
          "recipient": 43,
          "score": 56
        },
        {
          "recipient": 45,
          "score": 63
        }
      ],
      "bloodtype": "A"
    },
    "22": {
      "sources": [
        22
      ],
      "dage": 43,
      "matches": [
        {
          "recipient": 5,
          "score": 9
        },
        {
          "recipient": 7,
          "score": 5
        },
        {
          "recipient": 12,
          "score": 77
        },
        {
          "recipient": 13,
          "score": 74
        },
        {
          "recipient": 15,
          "score": 8
        },
        {
          "recipient": 17,
          "score": 75
        },
        {
          "recipient": 21,
          "score": 66
        },
        {
          "recipient": 33,
          "score": 42
        },
        {
          "recipient": 38,
          "score": 34
        },
        {
          "recipient": 43,
          "score": 5
        },
        {
          "recipient": 45,
          "score": 22
        }
      ],
      "bloodtype": "O"
    },
    "23": {
      "sources": [
        23
      ],
      "dage": 28,
      "matches": [
        {
          "recipient": 38,
          "score": 64
        }
      ],
      "bloodtype": "A"
    },
    "24": {
      "sources": [
        24
      ],
      "dage": 50,
      "matches": [
        {
          "recipient": 37,
          "score": 64
        },
        {
          "recipient": 38,
          "score": 8
        },
        {
          "recipient": 43,
          "score": 90
        }
      ],
      "bloodtype": "A"
    },
    "25": {
      "sources": [
        25
      ],
      "dage": 32,
      "matches": [
        {
          "recipient": 13,
          "score": 77
        }
      ],
      "bloodtype": "B"
    },
    "26": {
      "sources": [
        26
      ],
      "dage": 21,
      "matches": [
        {
          "recipient": 0,
          "score": 82
        },
        {
          "recipient": 8,
          "score": 6
        },
        {
          "recipient": 10,
          "score": 34
        },
        {
          "recipient": 12,
          "score": 22
        },
        {
          "recipient": 13,
          "score": 83
        },
        {
          "recipient": 21,
          "score": 31
        },
        {
          "recipient": 29,
          "score": 57
        },
        {
          "recipient": 33,
          "score": 79
        },
        {
          "recipient": 38,
          "score": 66
        },
        {
          "recipient": 43,
          "score": 77
        },
        {
          "recipient": 45,
          "score": 66
        },
        {
          "recipient": 48,
          "score": 77
        }
      ],
      "bloodtype": "O"
    },
    "27": {
      "sources": [
        27
      ],
      "dage": 24,
      "bloodtype": "AB"
    },
    "28": {
      "sources": [
        28
      ],
      "dage": 36,
      "matches": [
        {
          "recipient": 43,
          "score": 72
        }
      ],
      "bloodtype": "A"
    },
    "29": {
      "sources": [
        29
      ],
      "dage": 38,
      "matches": [
        {
          "recipient": 5,
          "score": 19
        },
        {
          "recipient": 7,
          "score": 88
        },
        {
          "recipient": 13,
          "score": 66
        },
        {
          "recipient": 15,
          "score": 81
        },
        {
          "recipient": 17,
          "score": 87
        },
        {
          "recipient": 21,
          "score": 69
        },
        {
          "recipient": 23,
          "score": 31
        },
        {
          "recipient": 33,
          "score": 48
        },
        {
          "recipient": 37,
          "score": 24
        },
        {
          "recipient": 43,
          "score": 79
        },
        {
          "recipient": 45,
          "score": 3
        }
      ],
      "bloodtype": "O"
    },
    "30": {
      "sources": [
        30
      ],
      "dage": 52,
      "matches": [
        {
          "recipient": 5,
          "score": 78
        },
        {
          "recipient": 7,
          "score": 31
        },
        {
          "recipient": 13,
          "score": 55
        },
        {
          "recipient": 15,
          "score": 75
        },
        {
          "recipient": 21,
          "score": 39
        },
        {
          "recipient": 25,
          "score": 34
        },
        {
          "recipient": 36,
          "score": 3
        },
        {
          "recipient": 43,
          "score": 20
        },
        {
          "recipient": 48,
          "score": 53
        }
      ],
      "bloodtype": "O"
    },
    "31": {
      "sources": [
        31
      ],
      "dage": 61,
      "matches": [
        {
          "recipient": 19,
          "score": 10
        },
        {
          "recipient": 22,
          "score": 32
        },
        {
          "recipient": 43,
          "score": 81
        }
      ],
      "bloodtype": "A"
    },
    "32": {
      "sources": [
        32
      ],
      "dage": 44,
      "matches": [
        {
          "recipient": 1,
          "score": 9
        },
        {
          "recipient": 7,
          "score": 70
        },
        {
          "recipient": 11,
          "score": 68
        },
        {
          "recipient": 12,
          "score": 58
        },
        {
          "recipient": 13,
          "score": 71
        },
        {
          "recipient": 15,
          "score": 13
        },
        {
          "recipient": 16,
          "score": 16
        },
        {
          "recipient": 21,
          "score": 67
        },
        {
          "recipient": 22,
          "score": 27
        },
        {
          "recipient": 23,
          "score": 56
        },
        {
          "recipient": 29,
          "score": 59
        },
        {
          "recipient": 33,
          "score": 61
        },
        {
          "recipient": 43,
          "score": 55
        },
        {
          "recipient": 45,
          "score": 65
        },
        {
          "recipient": 48,
          "score": 26
        }
      ],
      "bloodtype": "O"
    },
    "33": {
      "sources": [
        33
      ],
      "dage": 40,
      "matches": [
        {
          "recipient": 43,
          "score": 38
        }
      ],
      "bloodtype": "A"
    },
    "34": {
      "sources": [
        34
      ],
      "dage": 22,
      "matches": [
        {
          "recipient": 13,
          "score": 21
        },
        {
          "recipient": 15,
          "score": 57
        },
        {
          "recipient": 37,
          "score": 78
        }
      ],
      "bloodtype": "B"
    },
    "35": {
      "sources": [
        35
      ],
      "dage": 51,
      "matches": [
        {
          "recipient": 22,
          "score": 59
        },
        {
          "recipient": 38,
          "score": 85
        },
        {
          "recipient": 43,
          "score": 30
        }
      ],
      "bloodtype": "A"
    },
    "36": {
      "sources": [
        36
      ],
      "dage": 67,
      "matches": [
        {
          "recipient": 13,
          "score": 32
        }
      ],
      "bloodtype": "B"
    },
    "37": {
      "sources": [
        37
      ],
      "dage": 30,
      "matches": [
        {
          "recipient": 7,
          "score": 60
        },
        {
          "recipient": 13,
          "score": 90
        },
        {
          "recipient": 19,
          "score": 52
        },
        {
          "recipient": 21,
          "score": 77
        },
        {
          "recipient": 33,
          "score": 30
        },
        {
          "recipient": 43,
          "score": 63
        },
        {
          "recipient": 45,
          "score": 5
        }
      ],
      "bloodtype": "O"
    },
    "38": {
      "sources": [
        38
      ],
      "dage": 46,
      "matches": [
        {
          "recipient": 11,
          "score": 43
        }
      ],
      "bloodtype": "A"
    },
    "39": {
      "sources": [
        39
      ],
      "dage": 26,
      "matches": [
        {
          "recipient": 13,
          "score": 43
        },
        {
          "recipient": 15,
          "score": 39
        }
      ],
      "bloodtype": "B"
    },
    "40": {
      "sources": [
        40
      ],
      "dage": 31,
      "matches": [
        {
          "recipient": 5,
          "score": 15
        },
        {
          "recipient": 7,
          "score": 8
        },
        {
          "recipient": 11,
          "score": 74
        },
        {
          "recipient": 12,
          "score": 18
        },
        {
          "recipient": 13,
          "score": 23
        },
        {
          "recipient": 19,
          "score": 44
        },
        {
          "recipient": 21,
          "score": 60
        },
        {
          "recipient": 26,
          "score": 11
        },
        {
          "recipient": 33,
          "score": 32
        },
        {
          "recipient": 41,
          "score": 67
        },
        {
          "recipient": 43,
          "score": 89
        }
      ],
      "bloodtype": "O"
    },
    "41": {
      "sources": [
        41
      ],
      "dage": 41,
      "matches": [
        {
          "recipient": 7,
          "score": 7
        },
        {
          "recipient": 13,
          "score": 53
        },
        {
          "recipient": 15,
          "score": 21
        },
        {
          "recipient": 19,
          "score": 46
        },
        {
          "recipient": 21,
          "score": 42
        },
        {
          "recipient": 22,
          "score": 83
        },
        {
          "recipient": 25,
          "score": 22
        },
        {
          "recipient": 29,
          "score": 46
        },
        {
          "recipient": 43,
          "score": 6
        },
        {
          "recipient": 48,
          "score": 33
        }
      ],
      "bloodtype": "O"
    },
    "42": {
      "sources": [
        42
      ],
      "dage": 53,
      "matches": [
        {
          "recipient": 7,
          "score": 66
        },
        {
          "recipient": 8,
          "score": 1
        },
        {
          "recipient": 13,
          "score": 64
        },
        {
          "recipient": 19,
          "score": 82
        },
        {
          "recipient": 21,
          "score": 44
        },
        {
          "recipient": 23,
          "score": 10
        },
        {
          "recipient": 25,
          "score": 35
        },
        {
          "recipient": 38,
          "score": 90
        },
        {
          "recipient": 43,
          "score": 90
        },
        {
          "recipient": 45,
          "score": 52
        },
        {
          "recipient": 48,
          "score": 22
        }
      ],
      "bloodtype": "O"
    },
    "43": {
      "sources": [
        43
      ],
      "dage": 49,
      "matches": [
        {
          "recipient": 13,
          "score": 39
        }
      ],
      "bloodtype": "B"
    },
    "44": {
      "sources": [
        44
      ],
      "dage": 60,
      "matches": [
        {
          "recipient": 43,
          "score": 77
        },
        {
          "recipient": 45,
          "score": 37
        }
      ],
      "bloodtype": "A"
    },
    "45": {
      "sources": [
        45
      ],
      "dage": 66,
      "matches": [
        {
          "recipient": 38,
          "score": 8
        },
        {
          "recipient": 43,
          "score": 74
        }
      ],
      "bloodtype": "A"
    },
    "46": {
      "sources": [
        46
      ],
      "dage": 60,
      "matches": [
        {
          "recipient": 19,
          "score": 89
        },
        {
          "recipient": 27,
          "score": 54
        },
        {
          "recipient": 43,
          "score": 79
        }
      ],
      "bloodtype": "A"
    },
    "47": {
      "sources": [
        47
      ],
      "dage": 59,
      "matches": [
        {
          "recipient": 19,
          "score": 73
        },
        {
          "recipient": 37,
          "score": 60
        },
        {
          "recipient": 38,
          "score": 36
        }
      ],
      "bloodtype": "A"
    },
    "48": {
      "sources": [
        48
      ],
      "dage": 54,
      "matches": [
        {
          "recipient": 38,
          "score": 42
        },
        {
          "recipient": 43,
          "score": 56
        }
      ],
      "bloodtype": "A"
    },
    "49": {
      "sources": [
        49
      ],
      "dage": 68,
      "matches": [
        {
          "recipient": 3,
          "score": 26
        },
        {
          "recipient": 5,
          "score": 40
        },
        {
          "recipient": 13,
          "score": 16
        },
        {
          "recipient": 15,
          "score": 81
        },
        {
          "recipient": 21,
          "score": 43
        },
        {
          "recipient": 43,
          "score": 88
        },
        {
          "recipient": 45,
          "score": 68
        },
        {
          "recipient": 48,
          "score": 57
        }
      ],
      "bloodtype": "O"
    },
    "50": {
      "altruistic": true,
      "dage": 41,
      "matches": [
        {
          "recipient": 13,
          "score": 54
        }
      ],
      "bloodtype": "B"
    },
    "51": {
      "altruistic": true,
      "dage": 57,
      "matches": [
        {
          "recipient": 19,
          "score": 26
        },
        {
          "recipient": 37,
          "score": 25
        },
        {
          "recipient": 43,
          "score": 42
        }
      ],
      "bloodtype": "A"
    },
    "52": {
      "altruistic": true,
      "dage": 35,
      "matches": [
        {
          "recipient": 5,
          "score": 71
        },
        {
          "recipient": 7,
          "score": 18
        },
        {
          "recipient": 13,
          "score": 15
        },
        {
          "recipient": 15,
          "score": 82
        },
        {
          "recipient": 19,
          "score": 20
        },
        {
          "recipient": 21,
          "score": 12
        },
        {
          "recipient": 23,
          "score": 53
        },
        {
          "recipient": 33,
          "score": 73
        },
        {
          "recipient": 38,
          "score": 67
        },
        {
          "recipient": 43,
          "score": 38
        },
        {
          "recipient": 45,
          "score": 83
        },
        {
          "recipient": 48,
          "score": 33
        }
      ],
      "bloodtype": "O"
    },
    "53": {
      "altruistic": true,
      "dage": 21,
      "matches": [
        {
          "recipient": 19,
          "score": 71
        },
        {
          "recipient": 43,
          "score": 57
        }
      ],
      "bloodtype": "A"
    },
    "54": {
      "altruistic": true,
      "dage": 42,
      "matches": [
        {
          "recipient": 13,
          "score": 71
        },
        {
          "recipient": 15,
          "score": 81
        }
      ],
      "bloodtype": "B"
    }
  },
  "recipients": {
    "0": {
      "cPRA": 0.8761694722754585,
      "bloodtype": "O",
      "hasBloodCompatibleDonor": false
    },
    "1": {
      "cPRA": 0.8686568512945554,
      "bloodtype": "O",
      "hasBloodCompatibleDonor": false
    },
    "2": {
      "cPRA": 0.99,
      "bloodtype": "O",
      "hasBloodCompatibleDonor": true
    },
    "3": {
      "cPRA": 0.95,
      "bloodtype": "B",
      "hasBloodCompatibleDonor": true
    },
    "4": {
      "cPRA": 0.99,
      "bloodtype": "A",
      "hasBloodCompatibleDonor": true
    },
    "5": {
      "cPRA": 0.28211748354810884,
      "bloodtype": "O",
      "hasBloodCompatibleDonor": false
    },
    "6": {
      "cPRA": 0.99,
      "bloodtype": "B",
      "hasBloodCompatibleDonor": true
    },
    "7": {
      "cPRA": 0,
      "bloodtype": "O",
      "hasBloodCompatibleDonor": false
    },
    "8": {
      "cPRA": 0.6708852042619182,
      "bloodtype": "O",
      "hasBloodCompatibleDonor": false
    },
    "9": {
      "cPRA": 0.99,
      "bloodtype": "O",
      "hasBloodCompatibleDonor": false
    },
    "10": {
      "cPRA": 0,
      "bloodtype": "O",
      "hasBloodCompatibleDonor": false
    },
    "11": {
      "cPRA": 0.8854198015954452,
      "bloodtype": "A",
      "hasBloodCompatibleDonor": true
    },
    "12": {
      "cPRA": 0,
      "bloodtype": "O",
      "hasBloodCompatibleDonor": false
    },
    "13": {
      "cPRA": 0,
      "bloodtype": "B",
      "hasBloodCompatibleDonor": false
    },
    "14": {
      "cPRA": 1,
      "bloodtype": "A",
      "hasBloodCompatibleDonor": false
    },
    "15": {
      "cPRA": 0.09121908833998861,
      "bloodtype": "B",
      "hasBloodCompatibleDonor": false
    },
    "16": {
      "cPRA": 0.8228684557014511,
      "bloodtype": "O",
      "hasBloodCompatibleDonor": false
    },
    "17": {
      "cPRA": 0.7422422809508342,
      "bloodtype": "O",
      "hasBloodCompatibleDonor": true
    },
    "18": {
      "cPRA": 1,
      "bloodtype": "B",
      "hasBloodCompatibleDonor": false
    },
    "19": {
      "cPRA": 0.24057365831433053,
      "bloodtype": "A",
      "hasBloodCompatibleDonor": true
    },
    "20": {
      "cPRA": 1,
      "bloodtype": "B",
      "hasBloodCompatibleDonor": true
    },
    "21": {
      "cPRA": 0,
      "bloodtype": "O",
      "hasBloodCompatibleDonor": false
    },
    "22": {
      "cPRA": 0.7789028693133024,
      "bloodtype": "A",
      "hasBloodCompatibleDonor": true
    },
    "23": {
      "cPRA": 0.7027389743527126,
      "bloodtype": "O",
      "hasBloodCompatibleDonor": false
    },
    "24": {
      "cPRA": 1,
      "bloodtype": "A",
      "hasBloodCompatibleDonor": true
    },
    "25": {
      "cPRA": 0.818502808258149,
      "bloodtype": "O",
      "hasBloodCompatibleDonor": false
    },
    "26": {
      "cPRA": 0.98,
      "bloodtype": "O",
      "hasBloodCompatibleDonor": true
    },
    "27": {
      "cPRA": 1,
      "bloodtype": "AB",
      "hasBloodCompatibleDonor": true
    },
    "28": {
      "cPRA": 0.91,
      "bloodtype": "O",
      "hasBloodCompatibleDonor": false
    },
    "29": {
      "cPRA": 0.4608008926288844,
      "bloodtype": "O",
      "hasBloodCompatibleDonor": true
    },
    "30": {
      "cPRA": 0.98,
      "bloodtype": "A",
      "hasBloodCompatibleDonor": true
    },
    "31": {
      "cPRA": 0.99,
      "bloodtype": "O",
      "hasBloodCompatibleDonor": false
    },
    "32": {
      "cPRA": 1,
      "bloodtype": "O",
      "hasBloodCompatibleDonor": true
    },
    "33": {
      "cPRA": 0,
      "bloodtype": "O",
      "hasBloodCompatibleDonor": false
    },
    "34": {
      "cPRA": 0.99,
      "bloodtype": "B",
      "hasBloodCompatibleDonor": true
    },
    "35": {
      "cPRA": 1,
      "bloodtype": "O",
      "hasBloodCompatibleDonor": false
    },
    "36": {
      "cPRA": 0.8307903462672647,
      "bloodtype": "O",
      "hasBloodCompatibleDonor": false
    },
    "37": {
      "cPRA": 0.7438899760175695,
      "bloodtype": "AB",
      "hasBloodCompatibleDonor": true
    },
    "38": {
      "cPRA": 0.292616416586268,
      "bloodtype": "A",
      "hasBloodCompatibleDonor": true
    },
    "39": {
      "cPRA": 0.99,
      "bloodtype": "B",
      "hasBloodCompatibleDonor": true
    },
    "40": {
      "cPRA": 1,
      "bloodtype": "O",
      "hasBloodCompatibleDonor": true
    },
    "41": {
      "cPRA": 0.8529572376996403,
      "bloodtype": "O",
      "hasBloodCompatibleDonor": true
    },
    "42": {
      "cPRA": 0.6406105485471723,
      "bloodtype": "O",
      "hasBloodCompatibleDonor": true
    },
    "43": {
      "cPRA": 0,
      "bloodtype": "A",
      "hasBloodCompatibleDonor": false
    },
    "44": {
      "cPRA": 0.99,
      "bloodtype": "O",
      "hasBloodCompatibleDonor": false
    },
    "45": {
      "cPRA": 0.4537300745603781,
      "bloodtype": "A",
      "hasBloodCompatibleDonor": true
    },
    "46": {
      "cPRA": 0.97,
      "bloodtype": "A",
      "hasBloodCompatibleDonor": true
    },
    "47": {
      "cPRA": 0.8970350061507885,
      "bloodtype": "A",
      "hasBloodCompatibleDonor": true
    },
    "48": {
      "cPRA": 0.05637002495319986,
      "bloodtype": "O",
      "hasBloodCompatibleDonor": false
    },
    "49": {
      "cPRA": 0.802328026370175,
      "bloodtype": "O",
      "hasBloodCompatibleDonor": true
    }
  }
}