{
  "data": {
    "0": {
      "sources": [
        0
      ],
      "dage": 59,
      "matches": [
        {
          "recipient": 6,
          "score": 81
        },
        {
          "recipient": 28,
          "score": 65
        },
        {
          "recipient": 44,
          "score": 88
        }
      ],
      "bloodtype": "A"
    },
    "1": {
      "sources": [
        1
      ],
      "dage": 33,
      "bloodtype": "B"
    },
    "2": {
      "sources": [
        2
      ],
      "dage": 30,
      "bloodtype": "A"
    },
    "3": {
      "sources": [
        3
      ],
      "dage": 28,
      "matches": [
        {
          "recipient": 28,
          "score": 71
        }
      ],
      "bloodtype": "A"
    },
    "4": {
      "sources": [
        4
      ],
      "dage": 29,
      "matches": [
        {
          "recipient": 2,
          "score": 25
        },
        {
          "recipient": 3,
          "score": 49
        },
        {
          "recipient": 10,
          "score": 25
        },
        {
          "recipient": 30,
          "score": 13
        },
        {
          "recipient": 36,
          "score": 48
        },
        {
          "recipient": 45,
          "score": 27
        },
        {
          "recipient": 49,
          "score": 55
        }
      ],
      "bloodtype": "O"
    },
    "5": {
      "sources": [
        5
      ],
      "dage": 68,
      "matches": [
        {
          "recipient": 1,
          "score": 40
        },
        {
          "recipient": 42,
          "score": 18
        }
      ],
      "bloodtype": "B"
    },
    "6": {
      "sources": [
        6
      ],
      "dage": 50,
      "matches": [
        {
          "recipient": 8,
          "score": 72
        }
      ],
      "bloodtype": "A"
    },
    "7": {
      "sources": [
        7
      ],
      "dage": 65,
      "bloodtype": "A"
    },
    "8": {
      "sources": [
        8
      ],
      "dage": 67,
      "bloodtype": "A"
    },
    "9": {
      "sources": [
        9
      ],
      "dage": 26,
      "bloodtype": "A"
    },
    "10": {
      "sources": [
        10
      ],
      "dage": 59,
      "matches": [
        {
          "recipient": 28,
          "score": 36
        }
      ],
      "bloodtype": "A"
    },
    "11": {
      "sources": [
        11
      ],
      "dage": 66,
      "matches": [
        {
          "recipient": 3,
          "score": 30
        },
        {
          "recipient": 7,
          "score": 81
        },
        {
          "recipient": 10,
          "score": 33
        },
        {
          "recipient": 16,
          "score": 35
        },
        {
          "recipient": 33,
          "score": 16
        },
        {
          "recipient": 41,
          "score": 5
        },
        {
          "recipient": 45,
          "score": 62
        },
        {
          "recipient": 49,
          "score": 58
        }
      ],
      "bloodtype": "O"
    },
    "12": {
      "sources": [
        12
      ],
      "dage": 56,
      "bloodtype": "A"
    },
    "13": {
      "sources": [
        13
      ],
      "dage": 35,
      "bloodtype": "A"
    },
    "14": {
      "sources": [
        14
      ],
      "dage": 49,
      "matches": [
        {
          "recipient": 1,
          "score": 15
        },
        {
          "recipient": 2,
          "score": 43
        },
        {
          "recipient": 3,
          "score": 21
        },
        {
          "recipient": 7,
          "score": 29
        },
        {
          "recipient": 10,
          "score": 38
        },
        {
          "recipient": 13,
          "score": 70
        },
        {
          "recipient": 27,
          "score": 33
        },
        {
          "recipient": 28,
          "score": 77
        },
        {
          "recipient": 37,
          "score": 86
        },
        {
          "recipient": 49,
          "score": 1
        }
      ],
      "bloodtype": "O"
    },
    "15": {
      "sources": [
        15
      ],
      "dage": 30,
      "matches": [
        {
          "recipient": 28,
          "score": 78
        }
      ],
      "bloodtype": "A"
    },
    "16": {
      "sources": [
        16
      ],
      "dage": 44,
      "matches": [
        {
          "recipient": 3,
          "score": 30
        },
        {
          "recipient": 4,
          "score": 29
        },
        {
          "recipient": 5,
          "score": 41
        },
        {
          "recipient": 7,
          "score": 56
        },
        {
          "recipient": 10,
          "score": 80
        }
      ],
      "bloodtype": "O"
    },
    "17": {
      "sources": [
        17
      ],
      "dage": 37,
      "matches": [
        {
          "recipient": 1,
          "score": 11
        }
      ],
      "bloodtype": "B"
    },
    "18": {
      "sources": [
        18
      ],
      "dage": 25,
      "matches": [
        {
          "recipient": 3,
          "score": 25
        },
        {
          "recipient": 10,
          "score": 7
        },
        {
          "recipient": 13,
          "score": 11
        },
        {
          "recipient": 14,
          "score": 73
        },
        {
          "recipient": 17,
          "score": 49
        },
        {
          "recipient": 41,
          "score": 81
        },
        {
          "recipient": 45,
          "score": 11
        },
        {
          "recipient": 49,
          "score": 20
        }
      ],
      "bloodtype": "O"
    },
    "19": {
      "sources": [
        19
      ],
      "dage": 60,
      "bloodtype": "B"
    },
    "20": {
      "sources": [
        20
      ],
      "dage": 66,
      "bloodtype": "A"
    },
    "21": {
      "sources": [
        21
      ],
      "dage": 54,
      "matches": [
        {
          "recipient": 2,
          "score": 40
        },
        {
          "recipient": 3,
          "score": 27
        },
        {
          "recipient": 7,
          "score": 78
        },
        {
          "recipient": 10,
          "score": 8
        },
        {
          "recipient": 14,
          "score": 8
        },
        {
          "recipient": 28,
          "score": 19
        },
        {
          "recipient": 30,
          "score": 16
        },
        {
          "recipient": 49,
          "score": 17
        }
      ],
      "bloodtype": "O"
    },
    "22": {
      "sources": [
        22
      ],
      "dage": 45,
      "matches": [
        {
          "recipient": 3,
          "score": 72
        },
        {
          "recipient": 10,
          "score": 14
        },
        {
          "recipient": 28,
          "score": 3
        },
        {
          "recipient": 30,
          "score": 49
        },
        {
          "recipient": 33,
          "score": 83
        },
        {
          "recipient": 37,
          "score": 25
        },
        {
          "recipient": 41,
          "score": 49
        },
        {
          "recipient": 45,
          "score": 9
        },
        {
          "recipient": 49,
          "score": 78
        }
      ],
      "bloodtype": "O"
    },
    "23": {
      "sources": [
        23
      ],
      "dage": 55,
      "matches": [
        {
          "recipient": 1,
          "score": 3
        }
      ],
      "bloodtype": "B"
    },
    "24": {
      "sources": [
        24
      ],
      "dage": 64,
      "matches": [
        {
          "recipient": 1,
          "score": 15
        },
        {
          "recipient": 21,
          "score": 33
        }
      ],
      "bloodtype": "B"
    },
    "25": {
      "sources": [
        25
      ],
      "dage": 45,
      "bloodtype": "A"
    },
    "26": {
      "sources": [
        26
      ],
      "dage": 49,
      "matches": [
        {
          "recipient": 2,
          "score": 34
        },
        {
          "recipient": 3,
          "score": 11
        },
        {
          "recipient": 10,
          "score": 85
        },
        {
          "recipient": 15,
          "score": 29
        },
        {
          "recipient": 33,
          "score": 78
        },
        {
          "recipient": 36,
          "score": 48
        },
        {
          "recipient": 45,
          "score": 80
        },
        {
          "recipient": 49,
          "score": 22
        }
      ],
      "bloodtype": "O"
    },
    "27": {
      "sources": [
        27
      ],
      "dage": 36,
      "bloodtype": "AB"
    },
    "28": {
      "sources": [
        28
      ],
      "dage": 24,
      "matches": [
        {
          "recipient": 31,
          "score": 68
        }
      ],
      "bloodtype": "AB"
    },
    "29": {
      "sources": [
        29
      ],
      "dage": 38,
      "matches": [
        {
          "recipient": 3,
          "score": 71
        },
        {
          "recipient": 7,
          "score": 47
        },
        {
          "recipient": 10,
          "score": 90
        },
        {
          "recipient": 27,
          "score": 22
        },
        {
          "recipient": 33,
          "score": 17
        },
        {
          "recipient": 35,
          "score": 64
        },
        {
          "recipient": 37,
          "score": 63
        },
        {
          "recipient": 38,
          "score": 28
        },
        {
          "recipient": 45,
          "score": 44
        },
        {
          "recipient": 49,
          "score": 15
        }
      ],
      "bloodtype": "O"
    },
    "30": {
      "sources": [
        30
      ],
      "dage": 64,
      "bloodtype": "A"
    },
    "31": {
      "sources": [
        31
      ],
      "dage": 33,
      "matches": [
        {
          "recipient": 21,
          "score": 13
        }
      ],
      "bloodtype": "B"
    },
    "32": {
      "sources": [
        32
      ],
      "dage": 56,
      "bloodtype": "A"
    },
    "33": {
      "sources": [
        33
      ],
      "dage": 48,
      "matches": [
        {
          "recipient": 2,
          "score": 83
        },
        {
          "recipient": 3,
          "score": 69
        },
        {
          "recipient": 10,
          "score": 39
        },
        {
          "recipient": 13,
          "score": 24
        },
        {
          "recipient": 14,
          "score": 42
        },
        {
          "recipient": 16,
          "score": 62
        }
      ],
      "bloodtype": "O"
    },
    "34": {
      "sources": [
        34
      ],
      "dage": 31,
      "matches": [
        {
          "recipient": 3,
          "score": 20
        },
        {
          "recipient": 5,
          "score": 85
        },
        {
          "recipient": 7,
          "score": 53
        },
        {
          "recipient": 10,
          "score": 6
        },
        {
          "recipient": 13,
          "score": 59
        },
        {
          "recipient": 14,
          "score": 82
        },
        {
          "recipient": 17,
          "score": 5
        },
        {
          "recipient": 37,
          "score": 11
        },
        {
          "recipient": 48,
          "score": 4
        },
        {
          "recipient": 49,
          "score": 90
        }
      ],
      "bloodtype": "O"
    },
    "35": {
      "sources": [
        35
      ],
      "dage": 52,
      "matches": [
        {
          "recipient": 9,
          "score": 11
        }
      ],
      "bloodtype": "A"
    },
    "36": {
      "sources": [
        36
      ],
      "dage": 66,
      "bloodtype": "A"
    },
    "37": {
      "sources": [
        37
      ],
      "dage": 37,
      "matches": [
        {
          "recipient": 0,
          "score": 1
        },
        {
          "recipient": 2,
          "score": 45
        },
        {
          "recipient": 3,
          "score": 56
        },
        {
          "recipient": 7,
          "score": 33
        },
        {
          "recipient": 10,
          "score": 90
        },
        {
          "recipient": 27,
          "score": 78
        },
        {
          "recipient": 35,
          "score": 83
        },
        {
          "recipient": 45,
          "score": 11
        },
        {
          "recipient": 47,
          "score": 24
        },
        {
          "recipient": 49,
          "score": 8
        }
      ],
      "bloodtype": "O"
    },
    "38": {
      "sources": [
        38
      ],
      "dage": 59,
      "matches": [
        {
          "recipient": 1,
          "score": 86
        },
        {
          "recipient": 3,
          "score": 22
        },
        {
          "recipient": 10,
          "score": 35
        },
        {
          "recipient": 13,
          "score": 18
        },
        {
          "recipient": 27,
          "score": 72
        },
        {
          "recipient": 28,
          "score": 35
        },
        {
          "recipient": 35,
          "score": 84
        },
        {
          "recipient": 37,
          "score": 23
        },
        {
          "recipient": 47,
          "score": 70
        }
      ],
      "bloodtype": "O"
    },
    "39": {
      "sources": [
        39
      ],
      "dage": 27,
      "bloodtype": "AB"
    },
    "40": {
      "sources": [
        40
      ],
      "dage": 59,
      "matches": [
        {
          "recipient": 9,
          "score": 34
        },
        {
          "recipient": 28,
          "score": 3
        }
      ],
      "bloodtype": "A"
    },
    "41": {
      "sources": [
        41
      ],
      "dage": 50,
      "matches": [
        {
          "recipient": 28,
          "score": 35
        }
      ],
      "bloodtype": "A"
    },
    "42": {
      "sources": [
        42
      ],
      "dage": 49,
      "matches": [
        {
          "recipient": 2,
          "score": 84
        },
        {
          "recipient": 3,
          "score": 45
        },
        {
          "recipient": 7,
          "score": 4
        },
        {
          "recipient": 10,
          "score": 55
        },
        {
          "recipient": 13,
          "score": 73
        },
        {
          "recipient": 14,
          "score": 84
        },
        {
          "recipient": 17,
          "score": 62
        },
        {
          "recipient": 41,
          "score": 84
        },
        {
          "recipient": 45,
          "score": 77
        },
        {
          "recipient": 49,
          "score": 4
        }
      ],
      "bloodtype": "O"
    },
    "43": {
      "sources": [
        43
      ],
      "dage": 38,
      "matches": [
        {
          "recipient": 2,
          "score": 21
        },
        {
          "recipient": 3,
          "score": 89
        },
        {
          "recipient": 10,
          "score": 14
        },
        {
          "recipient": 27,
          "score": 17
        },
        {
          "recipient": 36,
          "score": 31
        },
        {
          "recipient": 37,
          "score": 32
        },
        {
          "recipient": 41,
          "score": 64
        },
        {
          "recipient": 45,
          "score": 39
        },
        {
          "recipient": 49,
          "score": 78
        }
      ],
      "bloodtype": "O"
    },
    "44": {
      "sources": [
        44
      ],
      "dage": 20,
      "matches": [
        {
          "recipient": 28,
          "score": 63
        }
      ],
      "bloodtype": "A"
    },
    "45": {
      "sources": [
        45
      ],
      "dage": 34,
      "bloodtype": "A"
    },
    "46": {
      "sources": [
        46
      ],
      "dage": 41,
      "matches": [
        {
          "recipient": 1,
          "score": 44
        }
      ],
      "bloodtype": "B"
    },
    "47": {
      "sources": [
        47
      ],
      "dage": 19,
      "matches": [
        {
          "recipient": 28,
          "score": 42
        }
      ],
      "bloodtype": "A"
    },
    "48": {
      "sources": [
        48
      ],
      "dage": 67,
      "matches": [
        {
          "recipient": 1,
          "score": 48
        },
        {
          "recipient": 2,
          "score": 55
        },
        {
          "recipient": 3,
          "score": 45
        },
        {
          "recipient": 6,
          "score": 77
        },
        {
          "recipient": 7,
          "score": 38
        },
        {
          "recipient": 10,
          "score": 12
        },
        {
          "recipient": 14,
          "score": 25
        },
        {
          "recipient": 17,
          "score": 76
        },
        {
          "recipient": 28,
          "score": 31
        },
        {
          "recipient": 37,
          "score": 63
        },
        {
          "recipient": 45,
          "score": 3
        },
        {
          "recipient": 47,
          "score": 75
        },
        {
          "recipient": 49,
          "score": 44
        }
      ],
      "bloodtype": "O"
    },
    "49": {
      "sources": [
        49
      ],
      "dage": 49,
      "matches": [
        {
          "recipient": 0,
          "score": 48
        },
        {
          "recipient": 28,
          "score": 7
        }
      ],
      "bloodtype": "A"
    },
    "50": {
      "altruistic": true,
      "dage": 20,
      "matches": [
        {
          "recipient": 2,
          "score": 42
        },
        {
          "recipient": 3,
          "score": 53
        },
        {
          "recipient": 7,
          "score": 57
        },
        {
          "recipient": 10,
          "score": 36
        },
        {
          "recipient": 30,
          "score": 27
        },
        {
          "recipient": 45,
          "score": 78
        },
        {
          "recipient": 49,
          "score": 88
        }
      ],
      "bloodtype": "O"
    },
    "51": {
      "altruistic": true,
      "dage": 65,
      "matches": [
        {
          "recipient": 1,
          "score": 53
        },
        {
          "recipient": 2,
          "score": 15
        },
        {
          "recipient": 3,
          "score": 79
        },
        {
          "recipient": 5,
          "score": 87
        },
        {
          "recipient": 8,
          "score": 63
        },
        {
          "recipient": 10,
          "score": 46
        },
        {
          "recipient": 13,
          "score": 63
        },
        {
          "recipient": 27,
          "score": 37
        },
        {
          "recipient": 36,
          "score": 16
        },
        {
          "recipient": 45,
          "score": 68
        },
        {
          "recipient": 48,
          "score": 7
        },
        {
          "recipient": 49,
          "score": 1
        }
      ],
      "bloodtype": "O"
    }
  },
  "recipients": {
    "0": {
      "cPRA": 0.94,
      "bloodtype": "A",
      "hasBloodCompatibleDonor": true
    },
    "1": {
      "cPRA": 0.39654540466921956,
      "bloodtype": "B",
      "hasBloodCompatibleDonor": true
    },
    "2": {
      "cPRA": 0,
      "bloodtype": "O",
      "hasBloodCompatibleDonor": false
    },
    "3": {
      "cPRA": 0,
      "bloodtype": "O",
      "hasBloodCompatibleDonor": false
    },
    "4": {
      "cPRA": 0.99,
      "bloodtype": "B",
      "hasBloodCompatibleDonor": true
    },
    "5": {
      "cPRA": 0.6387791981744061,
      "bloodtype": "B",
      "hasBloodCompatibleDonor": true
    },
    "6": {
      "cPRA": 0.8807934019168556,
      "bloodtype": "A",
      "hasBloodCompatibleDonor": true
    },
    "7": {
      "cPRA": 0.4663628894016593,
      "bloodtype": "O",
      "hasBloodCompatibleDonor": false
    },
    "8": {
      "cPRA": 1,
      "bloodtype": "A",
      "hasBloodCompatibleDonor": true
    },
    "9": {
      "cPRA": 0.96,
      "bloodtype": "A",
      "hasBloodCompatibleDonor": true
    },
    "10": {
      "cPRA": 0,
      "bloodtype": "O",
      "hasBloodCompatibleDonor": false
    },
    "11": {
      "cPRA": 1,
      "bloodtype": "O",
      "hasBloodCompatibleDonor": true
    },
    "12": {
      "cPRA": 0.99,
      "bloodtype": "B",
      "hasBloodCompatibleDonor": false
    },
    "13": {
      "cPRA": 0.421098538039079,
      "bloodtype": "O",
      "hasBloodCompatibleDonor": false
    },
    "14": {
      "cPRA": 0.07999323634966335,
      "bloodtype": "O",
      "hasBloodCompatibleDonor": true
    },
    "15": {
      "cPRA": 0.8928065795329089,
      "bloodtype": "O",
      "hasBloodCompatibleDonor": false
    },
    "16": {
      "cPRA": 0.95,
      "bloodtype": "O",
      "hasBloodCompatibleDonor": true
    },
    "17": {
      "cPRA": 0.6497655072731556,
      "bloodtype": "O",
      "hasBloodCompatibleDonor": false
    },
    "18": {
      "cPRA": 1,
      "bloodtype": "O",
      "hasBloodCompatibleDonor": true
    },
    "19": {
      "cPRA": 1,
      "bloodtype": "B",
      "hasBloodCompatibleDonor": true
    },
    "20": {
      "cPRA": 1,
      "bloodtype": "A",
      "hasBloodCompatibleDonor": true
    },
    "21": {
      "cPRA": 0.7358496162585602,
      "bloodtype": "B",
      "hasBloodCompatibleDonor": true
    },
    "22": {
      "cPRA": 1,
      "bloodtype": "A",
      "hasBloodCompatibleDonor": true
    },
    "23": {
      "cPRA": 1,
      "bloodtype": "B",
      "hasBloodCompatibleDonor": true
    },
    "24": {
      "cPRA": 1,
      "bloodtype": "B",
      "hasBloodCompatibleDonor": true
    },
    "25": {
      "cPRA": 1,
      "bloodtype": "A",
      "hasBloodCompatibleDonor": true
    },
    "26": {
      "cPRA": 1,
      "bloodtype": "O",
      "hasBloodCompatibleDonor": true
    },
    "27": {
      "cPRA": 0,
      "bloodtype": "O",
      "hasBloodCompatibleDonor": false
    },
    "28": {
      "cPRA": 0,
      "bloodtype": "A",
      "hasBloodCompatibleDonor": false
    },
    "29": {
      "cPRA": 0.97,
      "bloodtype": "O",
      "hasBloodCompatibleDonor": true
    },
    "30": {
      "cPRA": 0,
      "bloodtype": "O",
      "hasBloodCompatibleDonor": false
    },
    "31": {
      "cPRA": 0.98,
      "bloodtype": "AB",
      "hasBloodCompatibleDonor": true
    },
    "32": {
      "cPRA": 0.99,
      "bloodtype": "O",
      "hasBloodCompatibleDonor": false
    },
    "33": {
      "cPRA": 0.7623571413761508,
      "bloodtype": "O",
      "hasBloodCompatibleDonor": true
    },
    "34": {
      "cPRA": 0.99,
      "bloodtype": "O",
      "hasBloodCompatibleDonor": true
    },
    "35": {
      "cPRA": 0,
      "bloodtype": "O",
      "hasBloodCompatibleDonor": false
    },
    "36": {
      "cPRA": 0,
      "bloodtype": "O",
      "hasBloodCompatibleDonor": false
    },
    "37": {
      "cPRA": 0.3277688713889752,
      "bloodtype": "O",
      "hasBloodCompatibleDonor": true
    },
    "38": {
      "cPRA": 0.91,
      "bloodtype": "O",
      "hasBloodCompatibleDonor": true
    },
    "39": {
      "cPRA": 0.96,
      "bloodtype": "B",
      "hasBloodCompatibleDonor": false
    },
    "40": {
      "cPRA": 1,
      "bloodtype": "O",
      "hasBloodCompatibleDonor": false
    },
    "41": {
      "cPRA": 0.5222283729349165,
      "bloodtype": "O",
      "hasBloodCompatibleDonor": false
    },
    "42": {
      "cPRA": 0.93,
      "bloodtype": "B",
      "hasBloodCompatibleDonor": true
    },
    "43": {
      "cPRA": 0.99,
      "bloodtype": "A",
      "hasBloodCompatibleDonor": true
    },
    "44": {
      "cPRA": 1,
      "bloodtype": "A",
      "hasBloodCompatibleDonor": true
    },
    "45": {
      "cPRA": 0,
      "bloodtype": "O",
      "hasBloodCompatibleDonor": false
    },
    "46": {
      "cPRA": 1,
      "bloodtype": "B",
      "hasBloodCompatibleDonor": true
    },
    "47": {
      "cPRA": 0,
      "bloodtype": "O",
      "hasBloodCompatibleDonor": false
    },
    "48": {
      "cPRA": 1,
      "bloodtype": "O",
      "hasBloodCompatibleDonor": true
    },
    "49": {
      "cPRA": 0,
      "bloodtype": "O",
      "hasBloodCompatibleDonor": false
    }
  }
}