{
  "data": {
    "0": {
      "sources": [
        0
      ],
      "dage": 38,
      "matches": [
        {
          "recipient": 2,
          "score": 8
        },
        {
          "recipient": 6,
          "score": 36
        },
        {
          "recipient": 13,
          "score": 52
        },
        {
          "recipient": 20,
          "score": 57
        },
        {
          "recipient": 21,
          "score": 69
        },
        {
          "recipient": 32,
          "score": 77
        },
        {
          "recipient": 33,
          "score": 3
        },
        {
          "recipient": 46,
          "score": 16
        },
        {
          "recipient": 47,
          "score": 17
        }
      ],
      "bloodtype": "O"
    },
    "1": {
      "sources": [
        1
      ],
      "dage": 51,
      "matches": [
        {
          "recipient": 2,
          "score": 45
        },
        {
          "recipient": 13,
          "score": 55
        },
        {
          "recipient": 25,
          "score": 52
        },
        {
          "recipient": 32,
          "score": 36
        },
        {
          "recipient": 41,
          "score": 56
        },
        {
          "recipient": 46,
          "score": 15
        },
        {
          "recipient": 47,
          "score": 1
        }
      ],
      "bloodtype": "O"
    },
    "2": {
      "sources": [
        2
      ],
      "dage": 49,
      "matches": [
        {
          "recipient": 20,
          "score": 11
        }
      ],
      "bloodtype": "B"
    },
    "3": {
      "sources": [
        3
      ],
      "dage": 60,
      "matches": [
        {
          "recipient": 47,
          "score": 60
        }
      ],
      "bloodtype": "A"
    },
    "4": {
      "sources": [
        4
      ],
      "dage": 37,
      "matches": [
        {
          "recipient": 2,
          "score": 77
        },
        {
          "recipient": 5,
          "score": 82
        },
        {
          "recipient": 20,
          "score": 20
        },
        {
          "recipient": 21,
          "score": 86
        },
        {
          "recipient": 32,
          "score": 48
        },
        {
          "recipient": 33,
          "score": 88
        },
        {
          "recipient": 36,
          "score": 88
        },
        {
          "recipient": 46,
          "score": 7
        },
        {
          "recipient": 47,
          "score": 73
        }
      ],
      "bloodtype": "O"
    },
    "5": {
      "sources": [
        5
      ],
      "dage": 28,
      "matches": [
        {
          "recipient": 47,
          "score": 52
        }
      ],
      "bloodtype": "A"
    },
    "6": {
      "sources": [
        6
      ],
      "dage": 61,
      "bloodtype": "A"
    },
    "7": {
      "sources": [
        7
      ],
      "dage": 40,
      "matches": [
        {
          "recipient": 1,
          "score": 63
        },
        {
          "recipient": 2,
          "score": 20
        },
        {
          "recipient": 6,
          "score": 23
        },
        {
          "recipient": 28,
          "score": 33
        },
        {
          "recipient": 29,
          "score": 49
        },
        {
          "recipient": 32,
          "score": 30
        },
        {
          "recipient": 33,
          "score": 61
        },
        {
          "recipient": 41,
          "score": 47
        },
        {
          "recipient": 46,
          "score": 56
        }
      ],
      "bloodtype": "O"
    },
    "8": {
      "sources": [
        8
      ],
      "dage": 67,
      "bloodtype": "A"
    },
    "9": {
      "sources": [
        9
      ],
      "dage": 68,
      "matches": [
        {
          "recipient": 47,
          "score": 62
        }
      ],
      "bloodtype": "A"
    },
    "10": {
      "sources": [
        10
      ],
      "dage": 66,
      "matches": [
        {
          "recipient": 34,
          "score": 90
        }
      ],
      "bloodtype": "A"
    },
    "11": {
      "sources": [
        11
      ],
      "dage": 21,
      "matches": [
        {
          "recipient": 0,
          "score": 69
        },
        {
          "recipient": 6,
          "score": 8
        },
        {
          "recipient": 9,
          "score": 25
        },
        {
          "recipient": 21,
          "score": 11
        },
        {
          "recipient": 33,
          "score": 14
        },
        {
          "recipient": 39,
          "score": 57
        },
        {
          "recipient": 46,
          "score": 39
        }
      ],
      "bloodtype": "O"
    },
    "12": {
      "sources": [
        12
      ],
      "dage": 36,
      "matches": [
        {
          "recipient": 1,
          "score": 51
        }
      ],
      "bloodtype": "A"
    },
    "13": {
      "sources": [
        13
      ],
      "dage": 21,
      "matches": [
        {
          "recipient": 34,
          "score": 44
        }
      ],
      "bloodtype": "A"
    },
    "14": {
      "sources": [
        14
      ],
      "dage": 51,
      "matches": [
        {
          "recipient": 47,
          "score": 71
        }
      ],
      "bloodtype": "A"
    },
    "15": {
      "sources": [
        15
      ],
      "dage": 56,
      "matches": [
        {
          "recipient": 29,
          "score": 1
        },
        {
          "recipient": 33,
          "score": 41
        },
        {
          "recipient": 41,
          "score": 74
        },
        {
          "recipient": 46,
          "score": 81
        }
      ],
      "bloodtype": "O"
    },
    "16": {
      "sources": [
        16
      ],
      "dage": 20,
      "bloodtype": "B"
    },
    "17": {
      "sources": [
        17
      ],
      "dage": 62,
      "matches": [
        {
          "recipient": 2,
          "score": 61
        },
        {
          "recipient": 6,
          "score": 81
        },
        {
          "recipient": 13,
          "score": 57
        },
        {
          "recipient": 20,
          "score": 47
        },
        {
          "recipient": 21,
          "score": 72
        },
        {
          "recipient": 33,
          "score": 89
        },
        {
          "recipient": 39,
          "score": 55
        },
        {
          "recipient": 46,
          "score": 79
        },
        {
          "recipient": 47,
          "score": 29
        }
      ],
      "bloodtype": "O"
    },
    "18": {
      "sources": [
        18
      ],
      "dage": 50,
      "bloodtype": "B"
    },
    "19": {
      "sources": [
        19
      ],
      "dage": 64,
      "matches": [
        {
          "recipient": 13,
          "score": 23
        },
        {
          "recipient": 20,
          "score": 4
        },
        {
          "recipient": 21,
          "score": 80
        },
        {
          "recipient": 27,
          "score": 42
        },
        {
          "recipient": 36,
          "score": 67
        },
        {
          "recipient": 39,
          "score": 49
        },
        {
          "recipient": 41,
          "score": 81
        },
        {
          "recipient": 46,
          "score": 45
        }
      ],
      "bloodtype": "O"
    },
    "20": {
      "sources": [
        20
      ],
      "dage": 55,
      "matches": [
        {
          "recipient": 5,
          "score": 74
        },
        {
          "recipient": 13,
          "score": 85
        },
        {
          "recipient": 29,
          "score": 51
        },
        {
          "recipient": 34,
          "score": 26
        },
        {
          "recipient": 46,
          "score": 26
        }
      ],
      "bloodtype": "O"
    },
    "21": {
      "sources": [
        21
      ],
      "dage": 25,
      "matches": [
        {
          "recipient": 0,
          "score": 7
        },
        {
          "recipient": 6,
          "score": 75
        },
        {
          "recipient": 13,
          "score": 26
        },
        {
          "recipient": 14,
          "score": 25
        },
        {
          "recipient": 16,
          "score": 50
        },
        {
          "recipient": 18,
          "score": 89
        },
        {
          "recipient": 20,
          "score": 35
        },
        {
          "recipient": 32,
          "score": 67
        },
        {
          "recipient": 33,
          "score": 52
        },
        {
          "recipient": 41,
          "score": 52
        },
        {
          "recipient": 46,
          "score": 17
        },
        {
          "recipient": 47,
          "score": 31
        }
      ],
      "bloodtype": "O"
    },
    "22": {
      "sources": [
        22
      ],
      "dage": 39,
      "matches": [
        {
          "recipient": 2,
          "score": 30
        },
        {
          "recipient": 6,
          "score": 76
        },
        {
          "recipient": 9,
          "score": 59
        },
        {
          "recipient": 31,
          "score": 14
        },
        {
          "recipient": 33,
          "score": 47
        },
        {
          "recipient": 46,
          "score": 81
        }
      ],
      "bloodtype": "O"
    },
    "23": {
      "sources": [
        23
      ],
      "dage": 64,
      "matches": [
        {
          "recipient": 2,
          "score": 10
        },
        {
          "recipient": 12,
          "score": 53
        },
        {
          "recipient": 13,
          "score": 50
        },
        {
          "recipient": 33,
          "score": 79
        },
        {
          "recipient": 46,
          "score": 54
        },
        {
          "recipient": 47,
          "score": 74
        }
      ],
      "bloodtype": "O"
    },
    "24": {
      "sources": [
        24
      ],
      "dage": 49,
      "matches": [
        {
          "recipient": 20,
          "score": 12
        }
      ],
      "bloodtype": "B"
    },
    "25": {
      "sources": [
        25
      ],
      "dage": 27,
      "bloodtype": "A"
    },
    "26": {
      "sources": [
        26
      ],
      "dage": 50,
      "matches": [
        {
          "recipient": 9,
          "score": 45
        },
        {
          "recipient": 47,
          "score": 49
        }
      ],
      "bloodtype": "A"
    },
    "27": {
      "sources": [
        27
      ],
      "dage": 63,
      "matches": [
        {
          "recipient": 20,
          "score": 47
        }
      ],
      "bloodtype": "B"
    },
    "28": {
      "sources": [
        28
      ],
      "dage": 46,
      "matches": [
        {
          "recipient": 2,
          "score": 7
        },
        {
          "recipient": 6,
          "score": 64
        },
        {
          "recipient": 20,
          "score": 23
        },
        {
          "recipient": 29,
          "score": 62
        },
        {
          "recipient": 32,
          "score": 6
        },
        {
          "recipient": 33,
          "score": 13
        },
        {
          "recipient": 36,
          "score": 33
        },
        {
          "recipient": 46,
          "score": 47
        }
      ],
      "bloodtype": "O"
    },
    "29": {
      "sources": [
        29
      ],
      "dage": 46,
      "matches": [
        {
          "recipient": 47,
          "score": 2
        }
      ],
      "bloodtype": "A"
    },
    "30": {
      "sources": [
        30
      ],
      "dage": 53,
      "matches": [
        {
          "recipient": 1,
          "score": 62
        },
        {
          "recipient": 47,
          "score": 56
        }
      ],
      "bloodtype": "A"
    },
    "31": {
      "sources": [
        31
      ],
      "dage": 55,
      "matches": [
        {
          "recipient": 5,
          "score": 80
        },
        {
          "recipient": 6,
          "score": 15
        },
        {
          "recipient": 13,
          "score": 36
        },
        {
          "recipient": 14,
          "score": 65
        },
        {
          "recipient": 32,
          "score": 63
        },
        {
          "recipient": 33,
          "score": 79
        },
        {
          "recipient": 41,
          "score": 58
        },
        {
          "recipient": 46,
          "score": 40
        },
        {
          "recipient": 47,
          "score": 44
        }
      ],
      "bloodtype": "O"
    },
    "32": {
      "sources": [
        32
      ],
      "dage": 55,
      "bloodtype": "A"
    },
    "33": {
      "sources": [
        33
      ],
      "dage": 49,
      "bloodtype": "A"
    },
    "34": {
      "sources": [
        34
      ],
      "dage": 31,
      "matches": [
        {
          "recipient": 12,
          "score": 63
        },
        {
          "recipient": 13,
          "score": 7
        },
        {
          "recipient": 18,
          "score": 28
        },
        {
          "recipient": 33,
          "score": 50
        },
        {
          "recipient": 46,
          "score": 53
        },
        {
          "recipient": 47,
          "score": 61
        }
      ],
      "bloodtype": "O"
    },
    "35": {
      "sources": [
        35
      ],
      "dage": 62,
      "bloodtype": "A"
    },
    "36": {
      "sources": [
        36
      ],
      "dage": 60,
      "bloodtype": "B"
    },
    "37": {
      "sources": [
        37
      ],
      "dage": 43,
      "matches": [
        {
          "recipient": 2,
          "score": 62
        },
        {
          "recipient": 20,
          "score": 44
        },
        {
          "recipient": 29,
          "score": 1
        },
        {
          "recipient": 33,
          "score": 33
        },
        {
          "recipient": 41,
          "score": 41
        },
        {
          "recipient": 46,
          "score": 32
        }
      ],
      "bloodtype": "O"
    },
    "38": {
      "sources": [
        38
      ],
      "dage": 27,
      "matches": [
        {
          "recipient": 27,
          "score": 56
        },
        {
          "recipient": 47,
          "score": 33
        }
      ],
      "bloodtype": "A"
    },
    "39": {
      "sources": [
        39
      ],
      "dage": 53,
      "matches": [
        {
          "recipient": 34,
          "score": 50
        }
      ],
      "bloodtype": "A"
    },
    "40": {
      "sources": [
        40
      ],
      "dage": 44,
      "bloodtype": "A"
    },
    "41": {
      "sources": [
        41
      ],
      "dage": 59,
      "matches": [
        {
          "recipient": 16,
          "score": 86
        },
        {
          "recipient": 32,
          "score": 28
        },
        {
          "recipient": 39,
          "score": 54
        },
        {
          "recipient": 46,
          "score": 83
        }
      ],
      "bloodtype": "O"
    },
    "42": {
      "sources": [
        42
      ],
      "dage": 60,
      "bloodtype": "B"
    },
    "43": {
      "sources": [
        43
      ],
      "dage": 40,
      "matches": [
        {
          "recipient": 6,
          "score": 71
        },
        {
          "recipient": 11,
          "score": 88
        },
        {
          "recipient": 29,
          "score": 80
        },
        {
          "recipient": 33,
          "score": 17
        },
        {
          "recipient": 39,
          "score": 51
        },
        {
          "recipient": 41,
          "score": 78
        },
        {
          "recipient": 46,
          "score": 45
        }
      ],
      "bloodtype": "O"
    },
    "44": {
      "sources": [
        44
      ],
      "dage": 32,
      "matches": [
        {
          "recipient": 12,
          "score": 80
        },
        {
          "recipient": 13,
          "score": 50
        },
        {
          "recipient": 17,
          "score": 5
        },
        {
          "recipient": 21,
          "score": 11
        },
        {
          "recipient": 33,
          "score": 85
        },
        {
          "recipient": 46,
          "score": 84
        }
      ],
      "bloodtype": "O"
    },
    "45": {
      "sources": [
        45
      ],
      "dage": 62,
      "matches": [
        {
          "recipient": 2,
          "score": 70
        },
        {
          "recipient": 20,
          "score": 29
        },
        {
          "recipient": 21,
          "score": 66
        },
        {
          "recipient": 31,
          "score": 37
        },
        {
          "recipient": 32,
          "score": 79
        },
        {
          "recipient": 39,
          "score": 64
        },
        {
          "recipient": 46,
          "score": 14
        }
      ],
      "bloodtype": "O"
    },
    "46": {
      "sources": [
        46
      ],
      "dage": 48,
      "matches": [
        {
          "recipient": 47,
          "score": 73
        }
      ],
      "bloodtype": "A"
    },
    "47": {
      "sources": [
        47
      ],
      "dage": 35,
      "bloodtype": "B"
    },
    "48": {
      "sources": [
        48
      ],
      "dage": 67,
      "matches": [
        {
          "recipient": 47,
          "score": 20
        }
      ],
      "bloodtype": "A"
    },
    "49": {
      "sources": [
        49
      ],
      "dage": 40,
      "matches": [
        {
          "recipient": 6,
          "score": 82
        },
        {
          "recipient": 9,
          "score": 36
        },
        {
          "recipient": 12,
          "score": 48
        },
        {
          "recipient": 13,
          "score": 48
        },
        {
          "recipient": 20,
          "score": 61
        },
        {
          "recipient": 31,
          "score": 14
        },
        {
          "recipient": 32,
          "score": 85
        },
        {
          "recipient": 33,
          "score": 64
        },
        {
          "recipient": 46,
          "score": 8
        },
        {
          "recipient": 47,
          "score": 15
        }
      ],
      "bloodtype": "O"
    },
    "50": {
      "altruistic": true,
      "dage": 55,
      "matches": [
        {
          "recipient": 6,
          "score": 21
        },
        {
          "recipient": 12,
          "score": 58
        },
        {
          "recipient": 13,
          "score": 66
        },
        {
          "recipient": 14,
          "score": 69
        },
        {
          "recipient": 21,
          "score": 36
        },
        {
          "recipient": 26,
          "score": 10
        },
        {
          "recipient": 46,
          "score": 83
        }
      ],
      "bloodtype": "O"
    },
    "51": {
      "altruistic": true,
      "dage": 25,
      "matches": [
        {
          "recipient": 2,
          "score": 5
        },
        {
          "recipient": 9,
          "score": 44
        },
        {
          "recipient": 32,
          "score": 43
        },
        {
          "recipient": 33,
          "score": 16
        },
        {
          "recipient": 41,
          "score": 1
        },
        {
          "recipient": 46,
          "score": 69
        },
        {
          "recipient": 47,
          "score": 47
        }
      ],
      "bloodtype": "O"
    }
  },
  "recipients": {
    "0": {
      "cPRA": 0.99,
      "bloodtype": "O",
      "hasBloodCompatibleDonor": true
    },
    "1": {
      "cPRA": 0.96,
      "bloodtype": "A",
      "hasBloodCompatibleDonor": true
    },
    "2": {
      "cPRA": 0.05945989511531693,
      "bloodtype": "O",
      "hasBloodCompatibleDonor": false
    },
    "3": {
      "cPRA": 0.98,
      "bloodtype": "A",
      "hasBloodCompatibleDonor": true
    },
    "4": {
      "cPRA": 0.97,
      "bloodtype": "O",
      "hasBloodCompatibleDonor": true
    },
    "5": {
      "cPRA": 0,
      "bloodtype": "O",
      "hasBloodCompatibleDonor": false
    },
    "6": {
      "cPRA": 0.2845714589439188,
      "bloodtype": "O",
      "hasBloodCompatibleDonor": false
    },
    "7": {
      "cPRA": 1,
      "bloodtype": "O",
      "hasBloodCompatibleDonor": true
    },
    "8": {
      "cPRA": 0.99,
      "bloodtype": "O",
      "hasBloodCompatibleDonor": false
    },
    "9": {
      "cPRA": 0.7960559624824488,
      "bloodtype": "A",
      "hasBloodCompatibleDonor": true
    },
    "10": {
      "cPRA": 1,
      "bloodtype": "A",
      "hasBloodCompatibleDonor": true
    },
    "11": {
      "cPRA": 0.96,
      "bloodtype": "O",
      "hasBloodCompatibleDonor": true
    },
    "12": {
      "cPRA": 0.7316648383745951,
      "bloodtype": "O",
      "hasBloodCompatibleDonor": false
    },
    "13": {
      "cPRA": 0,
      "bloodtype": "O",
      "hasBloodCompatibleDonor": false
    },
    "14": {
      "cPRA": 0,
      "bloodtype": "O",
      "hasBloodCompatibleDonor": false
    },
    "15": {
      "cPRA": 1,
      "bloodtype": "O",
      "hasBloodCompatibleDonor": true
    },
    "16": {
      "cPRA": 0,
      "bloodtype": "O",
      "hasBloodCompatibleDonor": false
    },
    "17": {
      "cPRA": 1,
      "bloodtype": "O",
      "hasBloodCompatibleDonor": true
    },
    "18": {
      "cPRA": 0.7552746802000752,
      "bloodtype": "O",
      "hasBloodCompatibleDonor": false
    },
    "19": {
      "cPRA": 1,
      "bloodtype": "O",
      "hasBloodCompatibleDonor": true
    },
    "20": {
      "cPRA": 0.5739600018840605,
      "bloodtype": "B",
      "hasBloodCompatibleDonor": true
    },
    "21": {
      "cPRA": 0.5288790939826534,
      "bloodtype": "O",
      "hasBloodCompatibleDonor": true
    },
    "22": {
      "cPRA": 0.99,
      "bloodtype": "O",
      "hasBloodCompatibleDonor": true
    },
    "23": {
      "cPRA": 0.99,
      "bloodtype": "B",
      "hasBloodCompatibleDonor": true
    },
    "24": {
      "cPRA": 0.97,
      "bloodtype": "B",
      "hasBloodCompatibleDonor": true
    },
    "25": {
      "cPRA": 0.8878801167322427,
      "bloodtype": "O",
      "hasBloodCompatibleDonor": false
    },
    "26": {
      "cPRA": 0.92,
      "bloodtype": "O",
      "hasBloodCompatibleDonor": false
    },
    "27": {
      "cPRA": 1,
      "bloodtype": "AB",
      "hasBloodCompatibleDonor": true
    },
    "28": {
      "cPRA": 0.96,
      "bloodtype": "A",
      "hasBloodCompatibleDonor": true
    },
    "29": {
      "cPRA": 0.5878511534940455,
      "bloodtype": "O",
      "hasBloodCompatibleDonor": false
    },
    "30": {
      "cPRA": 0.99,
      "bloodtype": "O",
      "hasBloodCompatibleDonor": false
    },
    "31": {
      "cPRA": 0.91,
      "bloodtype": "O",
      "hasBloodCompatibleDonor": true
    },
    "32": {
      "cPRA": 0.013079162930214668,
      "bloodtype": "O",
      "hasBloodCompatibleDonor": false
    },
    "33": {
      "cPRA": 0,
      "bloodtype": "O",
      "hasBloodCompatibleDonor": false
    },
    "34": {
      "cPRA": 0.844380632816368,
      "bloodtype": "A",
      "hasBloodCompatibleDonor": true
    },
    "35": {
      "cPRA": 1,
      "bloodtype": "A",
      "hasBloodCompatibleDonor": true
    },
    "36": {
      "cPRA": 0,
      "bloodtype": "O",
      "hasBloodCompatibleDonor": false
    },
    "37": {
      "cPRA": 0.99,
      "bloodtype": "O",
      "hasBloodCompatibleDonor": true
    },
    "38": {
      "cPRA": 0,
      "bloodtype": "O",
      "hasBloodCompatibleDonor": false
    },
    "39": {
      "cPRA": 0,
      "bloodtype": "O",
      "hasBloodCompatibleDonor": false
    },
    "40": {
      "cPRA": 0.97,
      "bloodtype": "O",
      "hasBloodCompatibleDonor": false
    },
    "41": {
      "cPRA": 0.5314209847705479,
      "bloodtype": "O",
      "hasBloodCompatibleDonor": true
    },
    "42": {
      "cPRA": 0.99,
      "bloodtype": "A",
      "hasBloodCompatibleDonor": false
    },
    "43": {
      "cPRA": 0.99,
      "bloodtype": "O",
      "hasBloodCompatibleDonor": true
    },
    "44": {
      "cPRA": 0.98,
      "bloodtype": "O",
      "hasBloodCompatibleDonor": true
    },
    "45": {
      "cPRA": 1,
      "bloodtype": "O",
      "hasBloodCompatibleDonor": true
    },
    "46": {
      "cPRA": 0,
      "bloodtype": "O",
      "hasBloodCompatibleDonor": false
    },
    "47": {
      "cPRA": 0,
      "bloodtype": "A",
      "hasBloodCompatibleDonor": false
    },
    "48": {
      "cPRA": 1,
      "bloodtype": "B",
      "hasBloodCompatibleDonor": false
    },
    "49": {
      "cPRA": 0.99,
      "bloodtype": "O",
      "hasBloodCompatibleDonor": true
    }
  }
}