{
  "data": {
    "0": {
      "sources": [
        0
      ],
      "dage": 20,
      "bloodtype": "A"
    },
    "1": {
      "sources": [
        1
      ],
      "dage": 68,
      "matches": [
        {
          "recipient": 34,
          "score": 32
        },
        {
          "recipient": 46,
          "score": 51
        }
      ],
      "bloodtype": "A"
    },
    "2": {
      "sources": [
        2
      ],
      "dage": 33,
      "bloodtype": "A"
    },
    "3": {
      "sources": [
        3
      ],
      "dage": 64,
      "matches": [
        {
          "recipient": 44,
          "score": 83
        }
      ],
      "bloodtype": "B"
    },
    "4": {
      "sources": [
        4
      ],
      "dage": 46,
      "bloodtype": "AB"
    },
    "5": {
      "sources": [
        5
      ],
      "dage": 66,
      "matches": [
        {
          "recipient": 1,
          "score": 65
        },
        {
          "recipient": 6,
          "score": 82
        },
        {
          "recipient": 9,
          "score": 84
        },
        {
          "recipient": 10,
          "score": 70
        },
        {
          "recipient": 11,
          "score": 77
        },
        {
          "recipient": 17,
          "score": 24
        },
        {
          "recipient": 21,
          "score": 28
        },
        {
          "recipient": 36,
          "score": 5
        },
        {
          "recipient": 44,
          "score": 67
        },
        {
          "recipient": 46,
          "score": 12
        }
      ],
      "bloodtype": "O"
    },
    "6": {
      "sources": [
        6
      ],
      "dage": 18,
      "matches": [
        {
          "recipient": 46,
          "score": 70
        }
      ],
      "bloodtype": "A"
    },
    "7": {
      "sources": [
        7
      ],
      "dage": 22,
      "matches": [
        {
          "recipient": 44,
          "score": 38
        }
      ],
      "bloodtype": "B"
    },
    "8": {
      "sources": [
        8
      ],
      "dage": 63,
      "matches": [
        {
          "recipient": 46,
          "score": 76
        }
      ],
      "bloodtype": "A"
    },
    "9": {
      "sources": [
        9
      ],
      "dage": 62,
      "matches": [
        {
          "recipient": 1,
          "score": 80
        },
        {
          "recipient": 5,
          "score": 2
        },
        {
          "recipient": 6,
          "score": 17
        },
        {
          "recipient": 10,
          "score": 23
        },
        {
          "recipient": 11,
          "score": 83
        },
        {
          "recipient": 25,
          "score": 7
        },
        {
          "recipient": 33,
          "score": 43
        },
        {
          "recipient": 41,
          "score": 14
        },
        {
          "recipient": 45,
          "score": 32
        },
        {
          "recipient": 46,
          "score": 66
        }
      ],
      "bloodtype": "O"
    },
    "10": {
      "sources": [
        10
      ],
      "dage": 64,
      "matches": [
        {
          "recipient": 44,
          "score": 54
        }
      ],
      "bloodtype": "B"
    },
    "11": {
      "sources": [
        11
      ],
      "dage": 62,
      "matches": [
        {
          "recipient": 35,
          "score": 76
        },
        {
          "recipient": 46,
          "score": 6
        }
      ],
      "bloodtype": "A"
    },
    "12": {
      "sources": [
        12
      ],
      "dage": 65,
      "matches": [
        {
          "recipient": 1,
          "score": 85
        },
        {
          "recipient": 5,
          "score": 38
        },
        {
          "recipient": 10,
          "score": 81
        },
        {
          "recipient": 13,
          "score": 63
        },
        {
          "recipient": 25,
          "score": 35
        },
        {
          "recipient": 36,
          "score": 59
        },
        {
          "recipient": 39,
          "score": 83
        },
        {
          "recipient": 44,
          "score": 76
        },
        {
          "recipient": 45,
          "score": 76
        }
      ],
      "bloodtype": "O"
    },
    "13": {
      "sources": [
        13
      ],
      "dage": 58,
      "matches": [
        {
          "recipient": 1,
          "score": 79
        },
        {
          "recipient": 10,
          "score": 20
        },
        {
          "recipient": 25,
          "score": 19
        },
        {
          "recipient": 33,
          "score": 72
        },
        {
          "recipient": 36,
          "score": 18
        },
        {
          "recipient": 44,
          "score": 16
        },
        {
          "recipient": 46,
          "score": 88
        }
      ],
      "bloodtype": "O"
    },
    "14": {
      "sources": [
        14
      ],
      "dage": 42,
      "matches": [
        {
          "recipient": 1,
          "score": 90
        },
        {
          "recipient": 3,
          "score": 9
        },
        {
          "recipient": 5,
          "score": 14
        },
        {
          "recipient": 10,
          "score": 63
        },
        {
          "recipient": 11,
          "score": 72
        },
        {
          "recipient": 28,
          "score": 32
        },
        {
          "recipient": 29,
          "score": 61
        },
        {
          "recipient": 33,
          "score": 8
        },
        {
          "recipient": 44,
          "score": 22
        },
        {
          "recipient": 46,
          "score": 48
        }
      ],
      "bloodtype": "O"
    },
    "15": {
      "sources": [
        15
      ],
      "dage": 68,
      "matches": [
        {
          "recipient": 44,
          "score": 86
        },
        {
          "recipient": 47,
          "score": 21
        }
      ],
      "bloodtype": "B"
    },
    "16": {
      "sources": [
        16
      ],
      "dage": 28,
      "matches": [
        {
          "recipient": 1,
          "score": 50
        },
        {
          "recipient": 5,
          "score": 59
        },
        {
          "recipient": 6,
          "score": 14
        },
        {
          "recipient": 10,
          "score": 59
        },
        {
          "recipient": 25,
          "score": 84
        },
        {
          "recipient": 28,
          "score": 36
        },
        {
          "recipient": 34,
          "score": 62
        },
        {
          "recipient": 44,
          "score": 2
        },
        {
          "recipient": 45,
          "score": 43
        }
      ],
      "bloodtype": "O"
    },
    "17": {
      "sources": [
        17
      ],
      "dage": 44,
      "matches": [
        {
          "recipient": 41,
          "score": 38
        }
      ],
      "bloodtype": "A"
    },
    "18": {
      "sources": [
        18
      ],
      "dage": 45,
      "matches": [
        {
          "recipient": 1,
          "score": 66
        },
        {
          "recipient": 10,
          "score": 30
        },
        {
          "recipient": 25,
          "score": 29
        },
        {
          "recipient": 33,
          "score": 69
        },
        {
          "recipient": 36,
          "score": 14
        },
        {
          "recipient": 39,
          "score": 40
        },
        {
          "recipient": 44,
          "score": 35
        },
        {
          "recipient": 46,
          "score": 89
        }
      ],
      "bloodtype": "O"
    },
    "19": {
      "sources": [
        19
      ],
      "dage": 37,
      "matches": [
        {
          "recipient": 1,
          "score": 62
        },
        {
          "recipient": 5,
          "score": 62
        },
        {
          "recipient": 10,
          "score": 7
        },
        {
          "recipient": 11,
          "score": 80
        },
        {
          "recipient": 13,
          "score": 40
        },
        {
          "recipient": 25,
          "score": 3
        },
        {
          "recipient": 33,
          "score": 39
        },
        {
          "recipient": 36,
          "score": 27
        },
        {
          "recipient": 44,
          "score": 59
        },
        {
          "recipient": 47,
          "score": 48
        }
      ],
      "bloodtype": "O"
    },
    "20": {
      "sources": [
        20
      ],
      "dage": 30,
      "matches": [
        {
          "recipient": 6,
          "score": 59
        },
        {
          "recipient": 44,
          "score": 18
        }
      ],
      "bloodtype": "B"
    },
    "21": {
      "sources": [
        21
      ],
      "dage": 31,
      "bloodtype": "A"
    },
    "22": {
      "sources": [
        22
      ],
      "dage": 54,
      "matches": [
        {
          "recipient": 1,
          "score": 1
        },
        {
          "recipient": 6,
          "score": 59
        },
        {
          "recipient": 10,
          "score": 26
        },
        {
          "recipient": 11,
          "score": 73
        },
        {
          "recipient": 17,
          "score": 26
        },
        {
          "recipient": 25,
          "score": 60
        },
        {
          "recipient": 33,
          "score": 72
        },
        {
          "recipient": 44,
          "score": 37
        },
        {
          "recipient": 45,
          "score": 50
        },
        {
          "recipient": 46,
          "score": 46
        }
      ],
      "bloodtype": "O"
    },
    "23": {
      "sources": [
        23
      ],
      "dage": 39,
      "matches": [
        {
          "recipient": 44,
          "score": 52
        }
      ],
      "bloodtype": "B"
    },
    "24": {
      "sources": [
        24
      ],
      "dage": 44,
      "matches": [
        {
          "recipient": 1,
          "score": 49
        },
        {
          "recipient": 10,
          "score": 85
        },
        {
          "recipient": 11,
          "score": 89
        },
        {
          "recipient": 13,
          "score": 63
        },
        {
          "recipient": 17,
          "score": 47
        },
        {
          "recipient": 21,
          "score": 8
        },
        {
          "recipient": 33,
          "score": 82
        },
        {
          "recipient": 44,
          "score": 23
        }
      ],
      "bloodtype": "O"
    },
    "25": {
      "sources": [
        25
      ],
      "dage": 45,
      "bloodtype": "B"
    },
    "26": {
      "sources": [
        26
      ],
      "dage": 60,
      "matches": [
        {
          "recipient": 1,
          "score": 41
        },
        {
          "recipient": 3,
          "score": 85
        },
        {
          "recipient": 4,
          "score": 67
        },
        {
          "recipient": 5,
          "score": 24
        },
        {
          "recipient": 10,
          "score": 3
        },
        {
          "recipient": 11,
          "score": 59
        },
        {
          "recipient": 36,
          "score": 88
        },
        {
          "recipient": 39,
          "score": 46
        },
        {
          "recipient": 44,
          "score": 23
        },
        {
          "recipient": 46,
          "score": 58
        }
      ],
      "bloodtype": "O"
    },
    "27": {
      "sources": [
        27
      ],
      "dage": 52,
      "matches": [
        {
          "recipient": 46,
          "score": 86
        }
      ],
      "bloodtype": "A"
    },
    "28": {
      "sources": [
        28
      ],
      "dage": 66,
      "matches": [
        {
          "recipient": 44,
          "score": 77
        }
      ],
      "bloodtype": "B"
    },
    "29": {
      "sources": [
        29
      ],
      "dage": 52,
      "matches": [
        {
          "recipient": 1,
          "score": 67
        },
        {
          "recipient": 5,
          "score": 52
        },
        {
          "recipient": 10,
          "score": 34
        },
        {
          "recipient": 11,
          "score": 85
        },
        {
          "recipient": 15,
          "score": 7
        },
        {
          "recipient": 17,
          "score": 85
        },
        {
          "recipient": 21,
          "score": 38
        },
        {
          "recipient": 25,
          "score": 53
        },
        {
          "recipient": 27,
          "score": 29
        },
        {
          "recipient": 33,
          "score": 62
        },
        {
          "recipient": 44,
          "score": 73
        }
      ],
      "bloodtype": "O"
    },
    "30": {
      "sources": [
        30
      ],
      "dage": 37,
      "matches": [
        {
          "recipient": 1,
          "score": 56
        },
        {
          "recipient": 8,
          "score": 20
        },
        {
          "recipient": 10,
          "score": 35
        },
        {
          "recipient": 11,
          "score": 41
        },
        {
          "recipient": 13,
          "score": 19
        },
        {
          "recipient": 23,
          "score": 42
        },
        {
          "recipient": 25,
          "score": 55
        },
        {
          "recipient": 36,
          "score": 84
        },
        {
          "recipient": 44,
          "score": 71
        },
        {
          "recipient": 45,
          "score": 29
        },
        {
          "recipient": 46,
          "score": 50
        }
      ],
      "bloodtype": "O"
    },
    "31": {
      "sources": [
        31
      ],
      "dage": 67,
      "matches": [
        {
          "recipient": 44,
          "score": 35
        }
      ],
      "bloodtype": "B"
    },
    "32": {
      "sources": [
        32
      ],
      "dage": 48,
      "matches": [
        {
          "recipient": 46,
          "score": 48
        }
      ],
      "bloodtype": "A"
    },
    "33": {
      "sources": [
        33
      ],
      "dage": 19,
      "bloodtype": "A"
    },
    "34": {
      "sources": [
        34
      ],
      "dage": 47,
      "bloodtype": "A"
    },
    "35": {
      "sources": [
        35
      ],
      "dage": 51,
      "matches": [
        {
          "recipient": 1,
          "score": 12
        },
        {
          "recipient": 4,
          "score": 45
        },
        {
          "recipient": 5,
          "score": 39
        },
        {
          "recipient": 6,
          "score": 25
        },
        {
          "recipient": 10,
          "score": 2
        },
        {
          "recipient": 11,
          "score": 80
        },
        {
          "recipient": 44,
          "score": 48
        }
      ],
      "bloodtype": "O"
    },
    "36": {
      "sources": [
        36
      ],
      "dage": 24,
      "matches": [
        {
          "recipient": 40,
          "score": 81
        }
      ],
      "bloodtype": "A"
    },
    "37": {
      "sources": [
        37
      ],
      "dage": 48,
      "matches": [
        {
          "recipient": 1,
          "score": 23
        },
        {
          "recipient": 8,
          "score": 39
        },
        {
          "recipient": 10,
          "score": 16
        },
        {
          "recipient": 13,
          "score": 35
        },
        {
          "recipient": 21,
          "score": 88
        },
        {
          "recipient": 25,
          "score": 26
        },
        {
          "recipient": 28,
          "score": 32
        },
        {
          "recipient": 36,
          "score": 43
        },
        {
          "recipient": 44,
          "score": 10
        },
        {
          "recipient": 45,
          "score": 85
        }
      ],
      "bloodtype": "O"
    },
    "38": {
      "sources": [
        38
      ],
      "dage": 29,
      "matches": [
        {
          "recipient": 1,
          "score": 37
        },
        {
          "recipient": 5,
          "score": 74
        },
        {
          "recipient": 6,
          "score": 78
        },
        {
          "recipient": 10,
          "score": 65
        },
        {
          "recipient": 13,
          "score": 8
        },
        {
          "recipient": 25,
          "score": 73
        },
        {
          "recipient": 34,
          "score": 14
        },
        {
          "recipient": 36,
          "score": 81
        },
        {
          "recipient": 44,
          "score": 73
        },
        {
          "recipient": 46,
          "score": 57
        }
      ],
      "bloodtype": "O"
    },
    "39": {
      "sources": [
        39
      ],
      "dage": 50,
      "bloodtype": "A"
    },
    "40": {
      "sources": [
        40
      ],
      "dage": 18,
      "matches": [
        {
          "recipient": 46,
          "score": 55
        }
      ],
      "bloodtype": "A"
    },
    "41": {
      "sources": [
        41
      ],
      "dage": 36,
      "matches": [
        {
          "recipient": 44,
          "score": 40
        }
      ],
      "bloodtype": "B"
    },
    "42": {
      "sources": [
        42
      ],
      "dage": 29,
      "matches": [
        {
          "recipient": 1,
          "score": 63
        },
        {
          "recipient": 5,
          "score": 19
        },
        {
          "recipient": 10,
          "score": 85
        },
        {
          "recipient": 33,
          "score": 34
        },
        {
          "recipient": 35,
          "score": 72
        },
        {
          "recipient": 36,
          "score": 46
        },
        {
          "recipient": 44,
          "score": 24
        }
      ],
      "bloodtype": "O"
    },
    "43": {
      "sources": [
        43
      ],
      "dage": 25,
      "matches": [
        {
          "recipient": 1,
          "score": 62
        },
        {
          "recipient": 5,
          "score": 2
        },
        {
          "recipient": 10,
          "score": 14
        },
        {
          "recipient": 11,
          "score": 83
        },
        {
          "recipient": 33,
          "score": 39
        },
        {
          "recipient": 35,
          "score": 46
        },
        {
          "recipient": 36,
          "score": 28
        },
        {
          "recipient": 37,
          "score": 30
        },
        {
          "recipient": 44,
          "score": 43
        },
        {
          "recipient": 46,
          "score": 40
        }
      ],
      "bloodtype": "O"
    },
    "44": {
      "sources": [
        44
      ],
      "dage": 30,
      "bloodtype": "B"
    },
    "45": {
      "sources": [
        45
      ],
      "dage": 52,
      "bloodtype": "A"
    },
    "46": {
      "sources": [
        46
      ],
      "dage": 54,
      "bloodtype": "AB"
    },
    "47": {
      "sources": [
        47
      ],
      "dage": 67,
      "bloodtype": "A"
    },
    "48": {
      "sources": [
        48
      ],
      "dage": 20,
      "matches": [
        {
          "recipient": 1,
          "score": 90
        },
        {
          "recipient": 5,
          "score": 30
        },
        {
          "recipient": 6,
          "score": 76
        },
        {
          "recipient": 10,
          "score": 48
        },
        {
          "recipient": 11,
          "score": 53
        },
        {
          "recipient": 21,
          "score": 72
        },
        {
          "recipient": 28,
          "score": 32
        },
        {
          "recipient": 36,
          "score": 45
        },
        {
          "recipient": 44,
          "score": 68
        },
        {
          "recipient": 45,
          "score": 7
        },
        {
          "recipient": 46,
          "score": 84
        }
      ],
      "bloodtype": "O"
    },
    "49": {
      "sources": [
        49
      ],
      "dage": 56,
      "matches": [
        {
          "recipient": 41,
          "score": 56
        }
      ],
      "bloodtype": "A"
    },
    "50": {
      "altruistic": true,
      "dage": 66,
      "matches": [
        {
          "recipient": 1,
          "score": 5
        },
        {
          "recipient": 5,
          "score": 5
        },
        {
          "recipient": 10,
          "score": 27
        },
        {
          "recipient": 11,
          "score": 46
        },
        {
          "recipient": 17,
          "score": 59
        },
        {
          "recipient": 21,
          "score": 48
        },
        {
          "recipient": 36,
          "score": 35
        },
        {
          "recipient": 44,
          "score": 20
        }
      ],
      "bloodtype": "O"
    },
    "51": {
      "altruistic": true,
      "dage": 48,
      "matches": [
        {
          "recipient": 35,
          "score": 48
        },
        {
          "recipient": 46,
          "score": 42
        }
      ],
      "bloodtype": "A"
    }
  },
  "recipients": {
    "0": {
      "cPRA": 1,
      "bloodtype": "O",
      "hasBloodCompatibleDonor": false
    },
    "1": {
      "cPRA": 0,
      "bloodtype": "O",
      "hasBloodCompatibleDonor": false
    },
    "2": {
      "cPRA": 1,
      "bloodtype": "A",
      "hasBloodCompatibleDonor": true
    },
    "3": {
      "cPRA": 0.8644834418194566,
      "bloodtype": "B",
      "hasBloodCompatibleDonor": true
    },
    "4": {
      "cPRA": 0.7596534354984326,
      "bloodtype": "O",
      "hasBloodCompatibleDonor": false
    },
    "5": {
      "cPRA": 0.30328240314069976,
      "bloodtype": "O",
      "hasBloodCompatibleDonor": true
    },
    "6": {
      "cPRA": 0.7189473470110821,
      "bloodtype": "B",
      "hasBloodCompatibleDonor": false
    },
    "7": {
      "cPRA": 0.96,
      "bloodtype": "AB",
      "hasBloodCompatibleDonor": true
    },
    "8": {
      "cPRA": 0.8087197675360773,
      "bloodtype": "O",
      "hasBloodCompatibleDonor": false
    },
    "9": {
      "cPRA": 0.98,
      "bloodtype": "O",
      "hasBloodCompatibleDonor": true
    },
    "10": {
      "cPRA": 0,
      "bloodtype": "O",
      "hasBloodCompatibleDonor": false
    },
    "11": {
      "cPRA": 0,
      "bloodtype": "O",
      "hasBloodCompatibleDonor": false
    },
    "12": {
      "cPRA": 0.99,
      "bloodtype": "O",
      "hasBloodCompatibleDonor": true
    },
    "13": {
      "cPRA": 0.3712318290796458,
      "bloodtype": "O",
      "hasBloodCompatibleDonor": true
    },
    "14": {
      "cPRA": 1,
      "bloodtype": "O",
      "hasBloodCompatibleDonor": true
    },
    "15": {
      "cPRA": 0.99,
      "bloodtype": "O",
      "hasBloodCompatibleDonor": false
    },
    "16": {
      "cPRA": 0.99,
      "bloodtype": "O",
      "hasBloodCompatibleDonor": true
    },
    "17": {
      "cPRA": 0.6215238847654361,
      "bloodtype": "O",
      "hasBloodCompatibleDonor": false
    },
    "18": {
      "cPRA": 0.95,
      "bloodtype": "O",
      "hasBloodCompatibleDonor": true
    },
    "19": {
      "cPRA": 1,
      "bloodtype": "O",
      "hasBloodCompatibleDonor": true
    },
    "20": {
      "cPRA": 1,
      "bloodtype": "O",
      "hasBloodCompatibleDonor": false
    },
    "21": {
      "cPRA": 0.5698804467307221,
      "bloodtype": "O",
      "hasBloodCompatibleDonor": false
    },
    "22": {
      "cPRA": 0.99,
      "bloodtype": "O",
      "hasBloodCompatibleDonor": true
    },
    "23": {
      "cPRA": 0.99,
      "bloodtype": "O",
      "hasBloodCompatibleDonor": false
    },
    "24": {
      "cPRA": 0.99,
      "bloodtype": "O",
      "hasBloodCompatibleDonor": true
    },
    "25": {
      "cPRA": 0,
      "bloodtype": "O",
      "hasBloodCompatibleDonor": false
    },
    "26": {
      "cPRA": 0.99,
      "bloodtype": "B",
      "hasBloodCompatibleDonor": true
    },
    "27": {
      "cPRA": 0.99,
      "bloodtype": "O",
      "hasBloodCompatibleDonor": false
    },
    "28": {
      "cPRA": 0.8047313132076954,
      "bloodtype": "O",
      "hasBloodCompatibleDonor": false
    },
    "29": {
      "cPRA": 1,
      "bloodtype": "O",
      "hasBloodCompatibleDonor": true
    },
    "30": {
      "cPRA": 1,
      "bloodtype": "B",
      "hasBloodCompatibleDonor": true
    },
    "31": {
      "cPRA": 0.96,
      "bloodtype": "O",
      "hasBloodCompatibleDonor": false
    },
    "32": {
      "cPRA": 1,
      "bloodtype": "A",
      "hasBloodCompatibleDonor": true
    },
    "33": {
      "cPRA": 0.1785642835958217,
      "bloodtype": "O",
      "hasBloodCompatibleDonor": false
    },
    "34": {
      "cPRA": 0.94,
      "bloodtype": "A",
      "hasBloodCompatibleDonor": true
    },
    "35": {
      "cPRA": 0.8083152218177979,
      "bloodtype": "A",
      "hasBloodCompatibleDonor": true
    },
    "36": {
      "cPRA": 0.06395435043271316,
      "bloodtype": "O",
      "hasBloodCompatibleDonor": false
    },
    "37": {
      "cPRA": 0.8828345577752504,
      "bloodtype": "O",
      "hasBloodCompatibleDonor": true
    },
    "38": {
      "cPRA": 1,
      "bloodtype": "O",
      "hasBloodCompatibleDonor": true
    },
    "39": {
      "cPRA": 0.8258772244408159,
      "bloodtype": "O",
      "hasBloodCompatibleDonor": false
    },
    "40": {
      "cPRA": 0.98,
      "bloodtype": "A",
      "hasBloodCompatibleDonor": true
    },
    "41": {
      "cPRA": 0.98,
      "bloodtype": "AB",
      "hasBloodCompatibleDonor": true
    },
    "42": {
      "cPRA": 0.93,
      "bloodtype": "O",
      "hasBloodCompatibleDonor": true
    },
    "43": {
      "cPRA": 0.99,
      "bloodtype": "O",
      "hasBloodCompatibleDonor": true
    },
    "44": {
      "cPRA": 0,
      "bloodtype": "B",
      "hasBloodCompatibleDonor": true
    },
    "45": {
      "cPRA": 0.0317925368567203,
      "bloodtype": "O",
      "hasBloodCompatibleDonor": false
    },
    "46": {
      "cPRA": 0.5148714477808147,
      "bloodtype": "A",
      "hasBloodCompatibleDonor": false
    },
    "47": {
      "cPRA": 0.95,
      "bloodtype": "B",
      "hasBloodCompatibleDonor": false
    },
    "48": {
      "cPRA": 0.97,
      "bloodtype": "A",
      "hasBloodCompatibleDonor": true
    },
    "49": {
      "cPRA": 0.99,
      "bloodtype": "A",
      "hasBloodCompatibleDonor": true
    }
  }
}