{
  "data": {
    "0": {
      "sources": [
        0
      ],
      "dage": 55,
      "matches": [
        {
          "recipient": 10,
          "score": 49
        }
      ],
      "bloodtype": "A"
    },
    "1": {
      "sources": [
        1
      ],
      "dage": 46,
      "bloodtype": "A"
    },
    "2": {
      "sources": [
        2
      ],
      "dage": 18,
      "matches": [
        {
          "recipient": 11,
          "score": 67
        },
        {
          "recipient": 24,
          "score": 61
        },
        {
          "recipient": 47,
          "score": 38
        }
      ],
      "bloodtype": "A"
    },
    "3": {
      "sources": [
        3
      ],
      "dage": 62,
      "matches": [
        {
          "recipient": 11,
          "score": 60
        }
      ],
      "bloodtype": "A"
    },
    "4": {
      "sources": [
        4
      ],
      "dage": 28,
      "matches": [
        {
          "recipient": 2,
          "score": 14
        },
        {
          "recipient": 13,
          "score": 12
        },
        {
          "recipient": 16,
          "score": 48
        },
        {
          "recipient": 23,
          "score": 27
        },
        {
          "recipient": 24,
          "score": 54
        },
        {
          "recipient": 43,
          "score": 2
        },
        {
          "recipient": 45,
          "score": 34
        },
        {
          "recipient": 46,
          "score": 70
        },
        {
          "recipient": 47,
          "score": 40
        }
      ],
      "bloodtype": "O"
    },
    "5": {
      "sources": [
        5
      ],
      "dage": 29,
      "matches": [
        {
          "recipient": 10,
          "score": 90
        },
        {
          "recipient": 19,
          "score": 6
        },
        {
          "recipient": 22,
          "score": 48
        },
        {
          "recipient": 23,
          "score": 86
        },
        {
          "recipient": 28,
          "score": 50
        },
        {
          "recipient": 29,
          "score": 34
        },
        {
          "recipient": 35,
          "score": 51
        },
        {
          "recipient": 41,
          "score": 30
        },
        {
          "recipient": 43,
          "score": 87
        },
        {
          "recipient": 45,
          "score": 69
        },
        {
          "recipient": 47,
          "score": 45
        }
      ],
      "bloodtype": "O"
    },
    "6": {
      "sources": [
        6
      ],
      "dage": 19,
      "matches": [
        {
          "recipient": 11,
          "score": 90
        },
        {
          "recipient": 47,
          "score": 47
        }
      ],
      "bloodtype": "A"
    },
    "7": {
      "sources": [
        7
      ],
      "dage": 23,
      "matches": [
        {
          "recipient": 1,
          "score": 18
        },
        {
          "recipient": 2,
          "score": 8
        },
        {
          "recipient": 3,
          "score": 54
        },
        {
          "recipient": 13,
          "score": 71
        },
        {
          "recipient": 19,
          "score": 89
        },
        {
          "recipient": 20,
          "score": 43
        },
        {
          "recipient": 23,
          "score": 80
        },
        {
          "recipient": 28,
          "score": 74
        },
        {
          "recipient": 29,
          "score": 62
        },
        {
          "recipient": 43,
          "score": 60
        },
        {
          "recipient": 45,
          "score": 33
        },
        {
          "recipient": 48,
          "score": 8
        }
      ],
      "bloodtype": "O"
    },
    "8": {
      "sources": [
        8
      ],
      "dage": 33,
      "matches": [
        {
          "recipient": 1,
          "score": 7
        },
        {
          "recipient": 2,
          "score": 65
        },
        {
          "recipient": 7,
          "score": 79
        },
        {
          "recipient": 10,
          "score": 89
        },
        {
          "recipient": 13,
          "score": 41
        },
        {
          "recipient": 16,
          "score": 21
        },
        {
          "recipient": 19,
          "score": 59
        },
        {
          "recipient": 21,
          "score": 30
        },
        {
          "recipient": 23,
          "score": 88
        },
        {
          "recipient": 41,
          "score": 47
        }
      ],
      "bloodtype": "O"
    },
    "9": {
      "sources": [
        9
      ],
      "dage": 65,
      "matches": [
        {
          "recipient": 11,
          "score": 40
        },
        {
          "recipient": 12,
          "score": 47
        },
        {
          "recipient": 20,
          "score": 39
        }
      ],
      "bloodtype": "A"
    },
    "10": {
      "sources": [
        10
      ],
      "dage": 54,
      "bloodtype": "B"
    },
    "11": {
      "sources": [
        11
      ],
      "dage": 63,
      "bloodtype": "B"
    },
    "12": {
      "sources": [
        12
      ],
      "dage": 37,
      "matches": [
        {
          "recipient": 1,
          "score": 64
        },
        {
          "recipient": 2,
          "score": 34
        },
        {
          "recipient": 11,
          "score": 7
        },
        {
          "recipient": 19,
          "score": 27
        },
        {
          "recipient": 23,
          "score": 60
        },
        {
          "recipient": 28,
          "score": 45
        },
        {
          "recipient": 41,
          "score": 33
        },
        {
          "recipient": 43,
          "score": 17
        },
        {
          "recipient": 47,
          "score": 56
        }
      ],
      "bloodtype": "O"
    },
    "13": {
      "sources": [
        13
      ],
      "dage": 28,
      "bloodtype": "B"
    },
    "14": {
      "sources": [
        14
      ],
      "dage": 59,
      "matches": [
        {
          "recipient": 19,
          "score": 61
        },
        {
          "recipient": 20,
          "score": 53
        },
        {
          "recipient": 47,
          "score": 13
        }
      ],
      "bloodtype": "A"
    },
    "15": {
      "sources": [
        15
      ],
      "dage": 26,
      "matches": [
        {
          "recipient": 12,
          "score": 40
        },
        {
          "recipient": 19,
          "score": 57
        }
      ],
      "bloodtype": "A"
    },
    "16": {
      "sources": [
        16
      ],
      "dage": 40,
      "matches": [
        {
          "recipient": 19,
          "score": 11
        },
        {
          "recipient": 24,
          "score": 72
        }
      ],
      "bloodtype": "A"
    },
    "17": {
      "sources": [
        17
      ],
      "dage": 59,
      "matches": [
        {
          "recipient": 0,
          "score": 58
        },
        {
          "recipient": 3,
          "score": 8
        },
        {
          "recipient": 13,
          "score": 36
        },
        {
          "recipient": 16,
          "score": 54
        },
        {
          "recipient": 20,
          "score": 83
        },
        {
          "recipient": 23,
          "score": 42
        },
        {
          "recipient": 26,
          "score": 88
        },
        {
          "recipient": 43,
          "score": 4
        }
      ],
      "bloodtype": "O"
    },
    "18": {
      "sources": [
        18
      ],
      "dage": 24,
      "matches": [
        {
          "recipient": 0,
          "score": 2
        },
        {
          "recipient": 1,
          "score": 53
        },
        {
          "recipient": 11,
          "score": 42
        },
        {
          "recipient": 23,
          "score": 79
        },
        {
          "recipient": 28,
          "score": 15
        },
        {
          "recipient": 41,
          "score": 79
        },
        {
          "recipient": 45,
          "score": 39
        },
        {
          "recipient": 47,
          "score": 1
        }
      ],
      "bloodtype": "O"
    },
    "19": {
      "sources": [
        19
      ],
      "dage": 45,
      "bloodtype": "AB"
    },
    "20": {
      "sources": [
        20
      ],
      "dage": 43,
      "matches": [
        {
          "recipient": 19,
          "score": 44
        },
        {
          "recipient": 32,
          "score": 49
        }
      ],
      "bloodtype": "A"
    },
    "21": {
      "sources": [
        21
      ],
      "dage": 66,
      "matches": [
        {
          "recipient": 47,
          "score": 8
        }
      ],
      "bloodtype": "A"
    },
    "22": {
      "sources": [
        22
      ],
      "dage": 24,
      "matches": [
        {
          "recipient": 1,
          "score": 4
        },
        {
          "recipient": 2,
          "score": 80
        },
        {
          "recipient": 3,
          "score": 90
        },
        {
          "recipient": 16,
          "score": 32
        },
        {
          "recipient": 19,
          "score": 4
        },
        {
          "recipient": 23,
          "score": 34
        },
        {
          "recipient": 24,
          "score": 82
        },
        {
          "recipient": 28,
          "score": 65
        },
        {
          "recipient": 35,
          "score": 22
        },
        {
          "recipient": 41,
          "score": 49
        },
        {
          "recipient": 43,
          "score": 86
        },
        {
          "recipient": 45,
          "score": 37
        }
      ],
      "bloodtype": "O"
    },
    "23": {
      "sources": [
        23
      ],
      "dage": 39,
      "matches": [
        {
          "recipient": 19,
          "score": 87
        },
        {
          "recipient": 20,
          "score": 52
        },
        {
          "recipient": 47,
          "score": 15
        }
      ],
      "bloodtype": "A"
    },
    "24": {
      "sources": [
        24
      ],
      "dage": 47,
      "matches": [
        {
          "recipient": 10,
          "score": 75
        },
        {
          "recipient": 11,
          "score": 77
        },
        {
          "recipient": 19,
          "score": 90
        },
        {
          "recipient": 20,
          "score": 59
        },
        {
          "recipient": 47,
          "score": 6
        }
      ],
      "bloodtype": "A"
    },
    "25": {
      "sources": [
        25
      ],
      "dage": 25,
      "bloodtype": "B"
    },
    "26": {
      "sources": [
        26
      ],
      "dage": 45,
      "matches": [
        {
          "recipient": 15,
          "score": 85
        },
        {
          "recipient": 16,
          "score": 18
        },
        {
          "recipient": 19,
          "score": 29
        },
        {
          "recipient": 23,
          "score": 2
        },
        {
          "recipient": 28,
          "score": 58
        },
        {
          "recipient": 32,
          "score": 15
        },
        {
          "recipient": 37,
          "score": 86
        },
        {
          "recipient": 43,
          "score": 80
        },
        {
          "recipient": 45,
          "score": 38
        }
      ],
      "bloodtype": "O"
    },
    "27": {
      "sources": [
        27
      ],
      "dage": 62,
      "matches": [
        {
          "recipient": 47,
          "score": 84
        }
      ],
      "bloodtype": "A"
    },
    "28": {
      "sources": [
        28
      ],
      "dage": 23,
      "matches": [
        {
          "recipient": 24,
          "score": 17
        }
      ],
      "bloodtype": "A"
    },
    "29": {
      "sources": [
        29
      ],
      "dage": 59,
      "matches": [
        {
          "recipient": 11,
          "score": 1
        },
        {
          "recipient": 20,
          "score": 33
        }
      ],
      "bloodtype": "A"
    },
    "30": {
      "sources": [
        30
      ],
      "dage": 36,
      "matches": [
        {
          "recipient": 11,
          "score": 34
        },
        {
          "recipient": 19,
          "score": 29
        },
        {
          "recipient": 20,
          "score": 85
        },
        {
          "recipient": 36,
          "score": 26
        }
      ],
      "bloodtype": "A"
    },
    "31": {
      "sources": [
        31
      ],
      "dage": 37,
      "bloodtype": "B"
    },
    "32": {
      "sources": [
        32
      ],
      "dage": 21,
      "matches": [
        {
          "recipient": 0,
          "score": 5
        },
        {
          "recipient": 5,
          "score": 16
        },
        {
          "recipient": 16,
          "score": 20
        },
        {
          "recipient": 19,
          "score": 32
        },
        {
          "recipient": 23,
          "score": 10
        },
        {
          "recipient": 40,
          "score": 37
        },
        {
          "recipient": 41,
          "score": 44
        },
        {
          "recipient": 44,
          "score": 89
        }
      ],
      "bloodtype": "O"
    },
    "33": {
      "sources": [
        33
      ],
      "dage": 32,
      "matches": [
        {
          "recipient": 11,
          "score": 76
        },
        {
          "recipient": 20,
          "score": 44
        },
        {
          "recipient": 32,
          "score": 68
        }
      ],
      "bloodtype": "A"
    },
    "34": {
      "sources": [
        34
      ],
      "dage": 31,
      "matches": [
        {
          "recipient": 47,
          "score": 72
        }
      ],
      "bloodtype": "A"
    },
    "35": {
      "sources": [
        35
      ],
      "dage": 19,
      "matches": [
        {
          "recipient": 47,
          "score": 89
        }
      ],
      "bloodtype": "A"
    },
    "36": {
      "sources": [
        36
      ],
      "dage": 33,
      "matches": [
        {
          "recipient": 11,
          "score": 69
        },
        {
          "recipient": 24,
          "score": 75
        }
      ],
      "bloodtype": "A"
    },
    "37": {
      "sources": [
        37
      ],
      "dage": 20,
      "matches": [
        {
          "recipient": 10,
          "score": 36
        },
        {
          "recipient": 19,
          "score": 39
        },
        {
          "recipient": 24,
          "score": 24
        }
      ],
      "bloodtype": "A"
    },
    "38": {
      "sources": [
        38
      ],
      "dage": 63,
      "matches": [
        {
          "recipient": 20,
          "score": 19
        },
        {
          "recipient": 24,
          "score": 37
        }
      ],
      "bloodtype": "A"
    },
    "39": {
      "sources": [
        39
      ],
      "dage": 60,
      "matches": [
        {
          "recipient": 1,
          "score": 41
        },
        {
          "recipient": 13,
          "score": 77
        },
        {
          "recipient": 20,
          "score": 46
        },
        {
          "recipient": 23,
          "score": 36
        },
        {
          "recipient": 26,
          "score": 30
        },
        {
          "recipient": 28,
          "score": 53
        },
        {
          "recipient": 29,
          "score": 44
        },
        {
          "recipient": 43,
          "score": 5
        }
      ],
      "bloodtype": "O"
    },
    "40": {
      "sources": [
        40
      ],
      "dage": 46,
      "matches": [
        {
          "recipient": 24,
          "score": 70
        },
        {
          "recipient": 32,
          "score": 58
        }
      ],
      "bloodtype": "A"
    },
    "41": {
      "sources": [
        41
      ],
      "dage": 21,
      "matches": [
        {
          "recipient": 22,
          "score": 1
        }
      ],
      "bloodtype": "B"
    },
    "42": {
      "sources": [
        42
      ],
      "dage": 24,
      "matches": [
        {
          "recipient": 10,
          "score": 50
        },
        {
          "recipient": 24,
          "score": 56
        }
      ],
      "bloodtype": "A"
    },
    "43": {
      "sources": [
        43
      ],
      "dage": 24,
      "bloodtype": "B"
    },
    "44": {
      "sources": [
        44
      ],
      "dage": 60,
      "matches": [
        {
          "recipient": 37,
          "score": 88
        },
        {
          "recipient": 38,
          "score": 13
        }
      ],
      "bloodtype": "B"
    },
    "45": {
      "sources": [
        45
      ],
      "dage": 50,
      "matches": [
        {
          "recipient": 32,
          "score": 83
        },
        {
          "recipient": 47,
          "score": 73
        }
      ],
      "bloodtype": "A"
    },
    "46": {
      "sources": [
        46
      ],
      "dage": 65,
      "matches": [
        {
          "recipient": 19,
          "score": 55
        },
        {
          "recipient": 24,
          "score": 51
        }
      ],
      "bloodtype": "A"
    },
    "47": {
      "sources": [
        47
      ],
      "dage": 61,
      "bloodtype": "A"
    },
    "48": {
      "sources": [
        48
      ],
      "dage": 29,
      "matches": [
        {
          "recipient": 1,
          "score": 6
        },
        {
          "recipient": 3,
          "score": 88
        },
        {
          "recipient": 13,
          "score": 39
        },
        {
          "recipient": 16,
          "score": 48
        },
        {
          "recipient": 20,
          "score": 21
        },
        {
          "recipient": 23,
          "score": 12
        },
        {
          "recipient": 41,
          "score": 29
        },
        {
          "recipient": 43,
          "score": 45
        },
        {
          "recipient": 45,
          "score": 11
        }
      ],
      "bloodtype": "O"
    },
    "49": {
      "sources": [
        49
      ],
      "dage": 33,
      "matches": [
        {
          "recipient": 12,
          "score": 50
        },
        {
          "recipient": 36,
          "score": 57
        }
      ],
      "bloodtype": "A"
    },
    "50": {
      "altruistic": true,
      "dage": 57,
      "matches": [
        {
          "recipient": 1,
          "score": 14
        },
        {
          "recipient": 2,
          "score": 56
        },
        {
          "recipient": 3,
          "score": 46
        },
        {
          "recipient": 10,
          "score": 47
        },
        {
          "recipient": 23,
          "score": 53
        },
        {
          "recipient": 26,
          "score": 53
        },
        {
          "recipient": 27,
          "score": 58
        },
        {
          "recipient": 29,
          "score": 11
        },
        {
          "recipient": 43,
          "score": 22
        },
        {
          "recipient": 46,
          "score": 19
        }
      ],
      "bloodtype": "O"
    },
    "51": {
      "altruistic": true,
      "dage": 30,
      "matches": [
        {
          "recipient": 47,
          "score": 19
        }
      ],
      "bloodtype": "A"
    }
  },
  "recipients": {
    "0": {
      "cPRA": 0.33058296459961944,
      "bloodtype": "O",
      "hasBloodCompatibleDonor": false
    },
    "1": {
      "cPRA": 0.031793466429265976,
      "bloodtype": "O",
      "hasBloodCompatibleDonor": false
    },
    "2": {
      "cPRA": 0.5917160465446554,
      "bloodtype": "O",
      "hasBloodCompatibleDonor": false
    },
    "3": {
      "cPRA": 0.042976137661081604,
      "bloodtype": "O",
      "hasBloodCompatibleDonor": false
    },
    "4": {
      "cPRA": 1,
      "bloodtype": "B",
      "hasBloodCompatibleDonor": true
    },
    "5": {
      "cPRA": 0.99,
      "bloodtype": "O",
      "hasBloodCompatibleDonor": true
    },
    "6": {
      "cPRA": 1,
      "bloodtype": "A",
      "hasBloodCompatibleDonor": true
    },
    "7": {
      "cPRA": 1,
      "bloodtype": "O",
      "hasBloodCompatibleDonor": true
    },
    "8": {
      "cPRA": 0.97,
      "bloodtype": "O",
      "hasBloodCompatibleDonor": true
    },
    "9": {
      "cPRA": 1,
      "bloodtype": "O",
      "hasBloodCompatibleDonor": false
    },
    "10": {
      "cPRA": 0.7366215101785117,
      "bloodtype": "A",
      "hasBloodCompatibleDonor": false
    },
    "11": {
      "cPRA": 0,
      "bloodtype": "A",
      "hasBloodCompatibleDonor": false
    },
    "12": {
      "cPRA": 0.93,
      "bloodtype": "A",
      "hasBloodCompatibleDonor": true
    },
    "13": {
      "cPRA": 0.0656773197953777,
      "bloodtype": "O",
      "hasBloodCompatibleDonor": false
    },
    "14": {
      "cPRA": 0.99,
      "bloodtype": "A",
      "hasBloodCompatibleDonor": true
    },
    "15": {
      "cPRA": 0.99,
      "bloodtype": "O",
      "hasBloodCompatibleDonor": false
    },
    "16": {
      "cPRA": 0.09550273934477965,
      "bloodtype": "O",
      "hasBloodCompatibleDonor": false
    },
    "17": {
      "cPRA": 0.7522706736090348,
      "bloodtype": "O",
      "hasBloodCompatibleDonor": true
    },
    "18": {
      "cPRA": 0.99,
      "bloodtype": "A",
      "hasBloodCompatibleDonor": true
    },
    "19": {
      "cPRA": 0.559437413652874,
      "bloodtype": "A",
      "hasBloodCompatibleDonor": false
    },
    "20": {
      "cPRA": 0.5529220743160395,
      "bloodtype": "A",
      "hasBloodCompatibleDonor": true
    },
    "21": {
      "cPRA": 0,
      "bloodtype": "O",
      "hasBloodCompatibleDonor": false
    },
    "22": {
      "cPRA": 0.8974458622305632,
      "bloodtype": "B",
      "hasBloodCompatibleDonor": true
    },
    "23": {
      "cPRA": 0,
      "bloodtype": "O",
      "hasBloodCompatibleDonor": false
    },
    "24": {
      "cPRA": 0.614399255509856,
      "bloodtype": "A",
      "hasBloodCompatibleDonor": true
    },
    "25": {
      "cPRA": 0.97,
      "bloodtype": "B",
      "hasBloodCompatibleDonor": true
    },
    "26": {
      "cPRA": 0.5786891572908558,
      "bloodtype": "O",
      "hasBloodCompatibleDonor": true
    },
    "27": {
      "cPRA": 0,
      "bloodtype": "B",
      "hasBloodCompatibleDonor": false
    },
    "28": {
      "cPRA": 0.09530856086001883,
      "bloodtype": "O",
      "hasBloodCompatibleDonor": false
    },
    "29": {
      "cPRA": 0.5320078257346895,
      "bloodtype": "O",
      "hasBloodCompatibleDonor": false
    },
    "30": {
      "cPRA": 0.96,
      "bloodtype": "A",
      "hasBloodCompatibleDonor": true
    },
    "31": {
      "cPRA": 0.99,
      "bloodtype": "O",
      "hasBloodCompatibleDonor": false
    },
    "32": {
      "cPRA": 0.96,
      "bloodtype": "A",
      "hasBloodCompatibleDonor": true
    },
    "33": {
      "cPRA": 0.97,
      "bloodtype": "O",
      "hasBloodCompatibleDonor": false
    },
    "34": {
      "cPRA": 0.96,
      "bloodtype": "O",
      "hasBloodCompatibleDonor": false
    },
    "35": {
      "cPRA": 0.88708640077577,
      "bloodtype": "O",
      "hasBloodCompatibleDonor": false
    },
    "36": {
      "cPRA": 0.95,
      "bloodtype": "A",
      "hasBloodCompatibleDonor": true
    },
    "37": {
      "cPRA": 0,
      "bloodtype": "B",
      "hasBloodCompatibleDonor": false
    },
    "38": {
      "cPRA": 0.98,
      "bloodtype": "AB",
      "hasBloodCompatibleDonor": true
    },
    "39": {
      "cPRA": 1,
      "bloodtype": "O",
      "hasBloodCompatibleDonor": true
    },
    "40": {
      "cPRA": 0.8727430565095654,
      "bloodtype": "O",
      "hasBloodCompatibleDonor": false
    },
    "41": {
      "cPRA": 0,
      "bloodtype": "O",
      "hasBloodCompatibleDonor": false
    },
    "42": {
      "cPRA": 0.99,
      "bloodtype": "A",
      "hasBloodCompatibleDonor": true
    },
    "43": {
      "cPRA": 0,
      "bloodtype": "O",
      "hasBloodCompatibleDonor": false
    },
    "44": {
      "cPRA": 0.6267342099511674,
      "bloodtype": "O",
      "hasBloodCompatibleDonor": false
    },
    "45": {
      "cPRA": 0,
      "bloodtype": "O",
      "hasBloodCompatibleDonor": false
    },
    "46": {
      "cPRA": 0,
      "bloodtype": "O",
      "hasBloodCompatibleDonor": false
    },
    "47": {
      "cPRA": 0.7015580848021155,
      "bloodtype": "A",
      "hasBloodCompatibleDonor": true
    },
    "48": {
      "cPRA": 0.7392534490070565,
      "bloodtype": "O",
      "hasBloodCompatibleDonor": true
    },
    "49": {
      "cPRA": 0.99,
      "bloodtype": "O",
      "hasBloodCompatibleDonor": false
    }
  }
}