{
  "data": {
    "0": {
      "sources": [
        0
      ],
      "dage": 48,
      "matches": [
        {
          "recipient": 10,
          "score": 51
        },
        {
          "recipient": 14,
          "score": 63
        },
        {
          "recipient": 19,
          "score": 86
        },
        {
          "recipient": 20,
          "score": 18
        },
        {
          "recipient": 25,
          "score": 87
        },
        {
          "recipient": 26,
          "score": 2
        },
        {
          "recipient": 29,
          "score": 29
        },
        {
          "recipient": 33,
          "score": 9
        },
        {
          "recipient": 39,
          "score": 6
        },
        {
          "recipient": 42,
          "score": 34
        },
        {
          "recipient": 45,
          "score": 16
        },
        {
          "recipient": 48,
          "score": 61
        },
        {
          "recipient": 58,
          "score": 7
        },
        {
          "recipient": 67,
          "score": 49
        },
        {
          "recipient": 73,
          "score": 64
        },
        {
          "recipient": 75,
          "score": 66
        },
        {
          "recipient": 77,
          "score": 31
        },
        {
          "recipient": 86,
          "score": 20
        },
        {
          "recipient": 92,
          "score": 2
        },
        {
          "recipient": 93,
          "score": 31
        },
        {
          "recipient": 94,
          "score": 83
        },
        {
          "recipient": 99,
          "score": 45
        }
      ],
      "bloodtype": "O"
    },
    "1": {
      "sources": [
        1
      ],
      "dage": 24,
      "matches": [
        {
          "recipient": 4,
          "score": 17
        },
        {
          "recipient": 14,
          "score": 20
        },
        {
          "recipient": 18,
          "score": 33
        },
        {
          "recipient": 19,
          "score": 10
        },
        {
          "recipient": 20,
          "score": 67
        },
        {
          "recipient": 29,
          "score": 45
        },
        {
          "recipient": 33,
          "score": 34
        },
        {
          "recipient": 35,
          "score": 44
        },
        {
          "recipient": 39,
          "score": 21
        },
        {
          "recipient": 42,
          "score": 53
        },
        {
          "recipient": 45,
          "score": 55
        },
        {
          "recipient": 55,
          "score": 50
        },
        {
          "recipient": 56,
          "score": 38
        },
        {
          "recipient": 58,
          "score": 89
        },
        {
          "recipient": 71,
          "score": 82
        },
        {
          "recipient": 73,
          "score": 14
        },
        {
          "recipient": 75,
          "score": 87
        },
        {
          "recipient": 78,
          "score": 14
        },
        {
          "recipient": 86,
          "score": 59
        },
        {
          "recipient": 93,
          "score": 7
        },
        {
          "recipient": 97,
          "score": 72
        }
      ],
      "bloodtype": "O"
    },
    "2": {
      "sources": [
        2
      ],
      "dage": 19,
      "matches": [
        {
          "recipient": 39,
          "score": 77
        },
        {
          "recipient": 66,
          "score": 1
        },
        {
          "recipient": 75,
          "score": 65
        },
        {
          "recipient": 93,
          "score": 26
        }
      ],
      "bloodtype": "A"
    },
    "3": {
      "sources": [
        3
      ],
      "dage": 60,
      "matches": [
        {
          "recipient": 10,
          "score": 35
        },
        {
          "recipient": 14,
          "score": 75
        },
        {
          "recipient": 16,
          "score": 70
        },
        {
          "recipient": 19,
          "score": 79
        },
        {
          "recipient": 20,
          "score": 85
        },
        {
          "recipient": 25,
          "score": 2
        },
        {
          "recipient": 29,
          "score": 32
        },
        {
          "recipient": 33,
          "score": 11
        },
        {
          "recipient": 39,
          "score": 41
        },
        {
          "recipient": 42,
          "score": 40
        },
        {
          "recipient": 56,
          "score": 74
        },
        {
          "recipient": 58,
          "score": 87
        },
        {
          "recipient": 70,
          "score": 75
        },
        {
          "recipient": 71,
          "score": 51
        },
        {
          "recipient": 73,
          "score": 18
        },
        {
          "recipient": 75,
          "score": 31
        },
        {
          "recipient": 80,
          "score": 43
        },
        {
          "recipient": 86,
          "score": 15
        },
        {
          "recipient": 88,
          "score": 53
        },
        {
          "recipient": 99,
          "score": 64
        }
      ],
      "bloodtype": "O"
    },
    "4": {
      "sources": [
        4
      ],
      "dage": 50,
      "matches": [
        {
          "recipient": 98,
          "score": 8
        }
      ],
      "bloodtype": "B"
    },
    "5": {
      "sources": [
        5
      ],
      "dage": 26,
      "matches": [
        {
          "recipient": 6,
          "score": 22
        },
        {
          "recipient": 10,
          "score": 45
        },
        {
          "recipient": 18,
          "score": 55
        },
        {
          "recipient": 19,
          "score": 45
        },
        {
          "recipient": 20,
          "score": 23
        },
        {
          "recipient": 29,
          "score": 27
        },
        {
          "recipient": 33,
          "score": 37
        },
        {
          "recipient": 34,
          "score": 62
        },
        {
          "recipient": 39,
          "score": 39
        },
        {
          "recipient": 42,
          "score": 30
        },
        {
          "recipient": 58,
          "score": 68
        },
        {
          "recipient": 61,
          "score": 5
        },
        {
          "recipient": 65,
          "score": 3
        },
        {
          "recipient": 68,
          "score": 21
        },
        {
          "recipient": 69,
          "score": 12
        },
        {
          "recipient": 73,
          "score": 83
        },
        {
          "recipient": 75,
          "score": 11
        },
        {
          "recipient": 86,
          "score": 4
        },
        {
          "recipient": 92,
          "score": 30
        },
        {
          "recipient": 93,
          "score": 79
        }
      ],
      "bloodtype": "O"
    },
    "6": {
      "sources": [
        6
      ],
      "dage": 64,
      "matches": [
        {
          "recipient": 18,
          "score": 21
        },
        {
          "recipient": 19,
          "score": 86
        },
        {
          "recipient": 20,
          "score": 8
        },
        {
          "recipient": 29,
          "score": 84
        },
        {
          "recipient": 39,
          "score": 37
        },
        {
          "recipient": 48,
          "score": 27
        },
        {
          "recipient": 71,
          "score": 36
        },
        {
          "recipient": 73,
          "score": 36
        },
        {
          "recipient": 75,
          "score": 18
        },
        {
          "recipient": 84,
          "score": 70
        },
        {
          "recipient": 86,
          "score": 34
        },
        {
          "recipient": 90,
          "score": 25
        },
        {
          "recipient": 94,
          "score": 74
        },
        {
          "recipient": 98,
          "score": 15
        },
        {
          "recipient": 99,
          "score": 5
        }
      ],
      "bloodtype": "O"
    },
    "7": {
      "sources": [
        7
      ],
      "dage": 21,
      "matches": [
        {
          "recipient": 27,
          "score": 48
        },
        {
          "recipient": 39,
          "score": 24
        },
        {
          "recipient": 58,
          "score": 20
        },
        {
          "recipient": 75,
          "score": 55
        },
        {
          "recipient": 78,
          "score": 32
        },
        {
          "recipient": 93,
          "score": 22
        }
      ],
      "bloodtype": "A"
    },
    "8": {
      "sources": [
        8
      ],
      "dage": 28,
      "matches": [
        {
          "recipient": 6,
          "score": 4
        },
        {
          "recipient": 10,
          "score": 74
        },
        {
          "recipient": 18,
          "score": 87
        },
        {
          "recipient": 19,
          "score": 21
        },
        {
          "recipient": 20,
          "score": 28
        },
        {
          "recipient": 29,
          "score": 4
        },
        {
          "recipient": 33,
          "score": 1
        },
        {
          "recipient": 39,
          "score": 33
        },
        {
          "recipient": 42,
          "score": 20
        },
        {
          "recipient": 44,
          "score": 12
        },
        {
          "recipient": 62,
          "score": 75
        },
        {
          "recipient": 73,
          "score": 86
        },
        {
          "recipient": 74,
          "score": 65
        },
        {
          "recipient": 75,
          "score": 82
        },
        {
          "recipient": 78,
          "score": 34
        },
        {
          "recipient": 86,
          "score": 65
        },
        {
          "recipient": 87,
          "score": 62
        },
        {
          "recipient": 89,
          "score": 45
        },
        {
          "recipient": 90,
          "score": 88
        },
        {
          "recipient": 92,
          "score": 26
        },
        {
          "recipient": 93,
          "score": 27
        },
        {
          "recipient": 98,
          "score": 11
        },
        {
          "recipient": 99,
          "score": 59
        }
      ],
      "bloodtype": "O"
    },
    "9": {
      "sources": [
        9
      ],
      "dage": 29,
      "matches": [
        {
          "recipient": 10,
          "score": 66
        },
        {
          "recipient": 19,
          "score": 76
        },
        {
          "recipient": 20,
          "score": 26
        },
        {
          "recipient": 29,
          "score": 29
        },
        {
          "recipient": 39,
          "score": 53
        },
        {
          "recipient": 42,
          "score": 40
        },
        {
          "recipient": 58,
          "score": 46
        },
        {
          "recipient": 70,
          "score": 56
        },
        {
          "recipient": 71,
          "score": 1
        },
        {
          "recipient": 73,
          "score": 39
        },
        {
          "recipient": 75,
          "score": 51
        },
        {
          "recipient": 78,
          "score": 57
        },
        {
          "recipient": 86,
          "score": 53
        },
        {
          "recipient": 87,
          "score": 33
        },
        {
          "recipient": 93,
          "score": 12
        },
        {
          "recipient": 98,
          "score": 60
        },
        {
          "recipient": 99,
          "score": 72
        }
      ],
      "bloodtype": "O"
    },
    "10": {
      "sources": [
        10
      ],
      "dage": 53,
      "matches": [
        {
          "recipient": 39,
          "score": 68
        },
        {
          "recipient": 66,
          "score": 90
        },
        {
          "recipient": 75,
          "score": 76
        },
        {
          "recipient": 92,
          "score": 75
        }
      ],
      "bloodtype": "A"
    },
    "11": {
      "sources": [
        11
      ],
      "dage": 52,
      "matches": [
        {
          "recipient": 44,
          "score": 58
        },
        {
          "recipient": 59,
          "score": 77
        },
        {
          "recipient": 71,
          "score": 67
        }
      ],
      "bloodtype": "B"
    },
    "12": {
      "sources": [
        12
      ],
      "dage": 40,
      "matches": [
        {
          "recipient": 38,
          "score": 74
        },
        {
          "recipient": 39,
          "score": 79
        },
        {
          "recipient": 45,
          "score": 51
        },
        {
          "recipient": 75,
          "score": 34
        },
        {
          "recipient": 78,
          "score": 83
        },
        {
          "recipient": 87,
          "score": 49
        },
        {
          "recipient": 93,
          "score": 38
        }
      ],
      "bloodtype": "A"
    },
    "13": {
      "sources": [
        13
      ],
      "dage": 43,
      "matches": [
        {
          "recipient": 6,
          "score": 32
        },
        {
          "recipient": 7,
          "score": 26
        },
        {
          "recipient": 10,
          "score": 16
        },
        {
          "recipient": 12,
          "score": 72
        },
        {
          "recipient": 19,
          "score": 15
        },
        {
          "recipient": 20,
          "score": 32
        },
        {
          "recipient": 29,
          "score": 82
        },
        {
          "recipient": 33,
          "score": 62
        },
        {
          "recipient": 38,
          "score": 14
        },
        {
          "recipient": 39,
          "score": 90
        },
        {
          "recipient": 42,
          "score": 37
        },
        {
          "recipient": 45,
          "score": 62
        },
        {
          "recipient": 56,
          "score": 27
        },
        {
          "recipient": 73,
          "score": 77
        },
        {
          "recipient": 75,
          "score": 41
        },
        {
          "recipient": 86,
          "score": 70
        },
        {
          "recipient": 89,
          "score": 16
        },
        {
          "recipient": 92,
          "score": 13
        },
        {
          "recipient": 93,
          "score": 44
        },
        {
          "recipient": 97,
          "score": 81
        },
        {
          "recipient": 98,
          "score": 58
        }
      ],
      "bloodtype": "O"
    },
    "14": {
      "sources": [
        14
      ],
      "dage": 27,
      "matches": [
        {
          "recipient": 44,
          "score": 58
        },
        {
          "recipient": 67,
          "score": 51
        },
        {
          "recipient": 71,
          "score": 4
        },
        {
          "recipient": 98,
          "score": 61
        }
      ],
      "bloodtype": "B"
    },
    "15": {
      "sources": [
        15
      ],
      "dage": 20,
      "matches": [
        {
          "recipient": 1,
          "score": 49
        },
        {
          "recipient": 10,
          "score": 21
        },
        {
          "recipient": 19,
          "score": 53
        },
        {
          "recipient": 20,
          "score": 1
        },
        {
          "recipient": 29,
          "score": 69
        },
        {
          "recipient": 39,
          "score": 3
        },
        {
          "recipient": 42,
          "score": 68
        },
        {
          "recipient": 46,
          "score": 89
        },
        {
          "recipient": 48,
          "score": 42
        },
        {
          "recipient": 58,
          "score": 65
        },
        {
          "recipient": 59,
          "score": 63
        },
        {
          "recipient": 61,
          "score": 30
        },
        {
          "recipient": 73,
          "score": 86
        },
        {
          "recipient": 75,
          "score": 80
        },
        {
          "recipient": 78,
          "score": 85
        },
        {
          "recipient": 86,
          "score": 22
        },
        {
          "recipient": 93,
          "score": 41
        },
        {
          "recipient": 96,
          "score": 52
        }
      ],
      "bloodtype": "O"
    },
    "16": {
      "sources": [
        16
      ],
      "dage": 36,
      "matches": [
        {
          "recipient": 10,
          "score": 64
        },
        {
          "recipient": 19,
          "score": 55
        },
        {
          "recipient": 20,
          "score": 21
        },
        {
          "recipient": 25,
          "score": 54
        },
        {
          "recipient": 29,
          "score": 36
        },
        {
          "recipient": 32,
          "score": 29
        },
        {
          "recipient": 35,
          "score": 42
        },
        {
          "recipient": 39,
          "score": 12
        },
        {
          "recipient": 45,
          "score": 35
        },
        {
          "recipient": 48,
          "score": 64
        },
        {
          "recipient": 73,
          "score": 24
        },
        {
          "recipient": 75,
          "score": 51
        },
        {
          "recipient": 76,
          "score": 53
        },
        {
          "recipient": 78,
          "score": 72
        },
        {
          "recipient": 86,
          "score": 61
        },
        {
          "recipient": 89,
          "score": 2
        },
        {
          "recipient": 92,
          "score": 50
        },
        {
          "recipient": 94,
          "score": 4
        },
        {
          "recipient": 99,
          "score": 90
        }
      ],
      "bloodtype": "O"
    },
    "17": {
      "sources": [
        17
      ],
      "dage": 20,
      "matches": [
        {
          "recipient": 10,
          "score": 67
        },
        {
          "recipient": 14,
          "score": 78
        },
        {
          "recipient": 15,
          "score": 14
        },
        {
          "recipient": 18,
          "score": 90
        },
        {
          "recipient": 19,
          "score": 21
        },
        {
          "recipient": 20,
          "score": 51
        },
        {
          "recipient": 24,
          "score": 74
        },
        {
          "recipient": 29,
          "score": 58
        },
        {
          "recipient": 33,
          "score": 61
        },
        {
          "recipient": 35,
          "score": 82
        },
        {
          "recipient": 39,
          "score": 23
        },
        {
          "recipient": 45,
          "score": 51
        },
        {
          "recipient": 58,
          "score": 38
        },
        {
          "recipient": 65,
          "score": 48
        },
        {
          "recipient": 67,
          "score": 19
        },
        {
          "recipient": 71,
          "score": 49
        },
        {
          "recipient": 73,
          "score": 13
        },
        {
          "recipient": 75,
          "score": 5
        },
        {
          "recipient": 78,
          "score": 8
        },
        {
          "recipient": 86,
          "score": 1
        },
        {
          "recipient": 88,
          "score": 74
        },
        {
          "recipient": 92,
          "score": 78
        },
        {
          "recipient": 98,
          "score": 37
        }
      ],
      "bloodtype": "O"
    },
    "18": {
      "sources": [
        18
      ],
      "dage": 25,
      "matches": [
        {
          "recipient": 71,
          "score": 63
        },
        {
          "recipient": 77,
          "score": 70
        },
        {
          "recipient": 98,
          "score": 67
        }
      ],
      "bloodtype": "B"
    },
    "19": {
      "sources": [
        19
      ],
      "dage": 48,
      "matches": [
        {
          "recipient": 38,
          "score": 76
        },
        {
          "recipient": 39,
          "score": 67
        },
        {
          "recipient": 58,
          "score": 2
        },
        {
          "recipient": 75,
          "score": 80
        },
        {
          "recipient": 93,
          "score": 88
        }
      ],
      "bloodtype": "A"
    },
    "20": {
      "sources": [
        20
      ],
      "dage": 37,
      "matches": [
        {
          "recipient": 59,
          "score": 16
        },
        {
          "recipient": 98,
          "score": 16
        }
      ],
      "bloodtype": "B"
    },
    "21": {
      "sources": [
        21
      ],
      "dage": 67,
      "matches": [
        {
          "recipient": 12,
          "score": 29
        },
        {
          "recipient": 26,
          "score": 58
        },
        {
          "recipient": 39,
          "score": 29
        },
        {
          "recipient": 45,
          "score": 89
        },
        {
          "recipient": 75,
          "score": 53
        },
        {
          "recipient": 78,
          "score": 33
        }
      ],
      "bloodtype": "A"
    },
    "22": {
      "sources": [
        22
      ],
      "dage": 58,
      "matches": [
        {
          "recipient": 4,
          "score": 62
        },
        {
          "recipient": 10,
          "score": 45
        },
        {
          "recipient": 19,
          "score": 9
        },
        {
          "recipient": 20,
          "score": 88
        },
        {
          "recipient": 29,
          "score": 75
        },
        {
          "recipient": 39,
          "score": 88
        },
        {
          "recipient": 42,
          "score": 88
        },
        {
          "recipient": 58,
          "score": 20
        },
        {
          "recipient": 61,
          "score": 29
        },
        {
          "recipient": 71,
          "score": 63
        },
        {
          "recipient": 73,
          "score": 74
        },
        {
          "recipient": 75,
          "score": 48
        },
        {
          "recipient": 86,
          "score": 46
        },
        {
          "recipient": 89,
          "score": 66
        },
        {
          "recipient": 98,
          "score": 73
        }
      ],
      "bloodtype": "O"
    },
    "23": {
      "sources": [
        23
      ],
      "dage": 44,
      "matches": [
        {
          "recipient": 7,
          "score": 60
        },
        {
          "recipient": 15,
          "score": 85
        },
        {
          "recipient": 38,
          "score": 60
        },
        {
          "recipient": 39,
          "score": 87
        },
        {
          "recipient": 58,
          "score": 50
        },
        {
          "recipient": 75,
          "score": 47
        },
        {
          "recipient": 87,
          "score": 11
        }
      ],
      "bloodtype": "A"
    },
    "24": {
      "sources": [
        24
      ],
      "dage": 45,
      "matches": [
        {
          "recipient": 41,
          "score": 35
        },
        {
          "recipient": 67,
          "score": 7
        },
        {
          "recipient": 98,
          "score": 53
        }
      ],
      "bloodtype": "B"
    },
    "25": {
      "sources": [
        25
      ],
      "dage": 31,
      "matches": [
        {
          "recipient": 19,
          "score": 48
        },
        {
          "recipient": 20,
          "score": 55
        },
        {
          "recipient": 29,
          "score": 67
        },
        {
          "recipient": 33,
          "score": 88
        },
        {
          "recipient": 42,
          "score": 19
        },
        {
          "recipient": 61,
          "score": 17
        },
        {
          "recipient": 64,
          "score": 14
        },
        {
          "recipient": 66,
          "score": 71
        },
        {
          "recipient": 67,
          "score": 68
        },
        {
          "recipient": 71,
          "score": 15
        },
        {
          "recipient": 73,
          "score": 77
        },
        {
          "recipient": 75,
          "score": 9
        },
        {
          "recipient": 86,
          "score": 74
        },
        {
          "recipient": 87,
          "score": 58
        },
        {
          "recipient": 88,
          "score": 12
        },
        {
          "recipient": 92,
          "score": 89
        },
        {
          "recipient": 98,
          "score": 90
        }
      ],
      "bloodtype": "O"
    },
    "26": {
      "sources": [
        26
      ],
      "dage": 56,
      "matches": [
        {
          "recipient": 39,
          "score": 60
        },
        {
          "recipient": 58,
          "score": 58
        },
        {
          "recipient": 75,
          "score": 66
        }
      ],
      "bloodtype": "A"
    },
    "27": {
      "sources": [
        27
      ],
      "dage": 20,
      "matches": [
        {
          "recipient": 39,
          "score": 89
        },
        {
          "recipient": 56,
          "score": 44
        },
        {
          "recipient": 58,
          "score": 2
        },
        {
          "recipient": 75,
          "score": 76
        },
        {
          "recipient": 92,
          "score": 69
        },
        {
          "recipient": 93,
          "score": 25
        }
      ],
      "bloodtype": "A"
    },
    "28": {
      "sources": [
        28
      ],
      "dage": 42,
      "matches": [
        {
          "recipient": 39,
          "score": 5
        },
        {
          "recipient": 58,
          "score": 35
        },
        {
          "recipient": 75,
          "score": 26
        },
        {
          "recipient": 91,
          "score": 46
        }
      ],
      "bloodtype": "A"
    },
    "29": {
      "sources": [
        29
      ],
      "dage": 49,
      "matches": [
        {
          "recipient": 39,
          "score": 47
        },
        {
          "recipient": 75,
          "score": 16
        },
        {
          "recipient": 87,
          "score": 10
        },
        {
          "recipient": 92,
          "score": 64
        },
        {
          "recipient": 93,
          "score": 6
        }
      ],
      "bloodtype": "A"
    },
    "30": {
      "sources": [
        30
      ],
      "dage": 36,
      "matches": [
        {
          "recipient": 71,
          "score": 22
        }
      ],
      "bloodtype": "B"
    },
    "31": {
      "sources": [
        31
      ],
      "dage": 66,
      "matches": [
        {
          "recipient": 39,
          "score": 41
        },
        {
          "recipient": 58,
          "score": 31
        },
        {
          "recipient": 75,
          "score": 20
        },
        {
          "recipient": 87,
          "score": 47
        }
      ],
      "bloodtype": "A"
    },
    "32": {
      "sources": [
        32
      ],
      "dage": 52,
      "matches": [
        {
          "recipient": 39,
          "score": 20
        },
        {
          "recipient": 45,
          "score": 26
        },
        {
          "recipient": 75,
          "score": 80
        },
        {
          "recipient": 87,
          "score": 70
        },
        {
          "recipient": 92,
          "score": 86
        },
        {
          "recipient": 93,
          "score": 66
        }
      ],
      "bloodtype": "A"
    },
    "33": {
      "sources": [
        33
      ],
      "dage": 64,
      "matches": [
        {
          "recipient": 39,
          "score": 87
        },
        {
          "recipient": 58,
          "score": 81
        },
        {
          "recipient": 75,
          "score": 50
        },
        {
          "recipient": 87,
          "score": 8
        },
        {
          "recipient": 92,
          "score": 18
        },
        {
          "recipient": 93,
          "score": 52
        }
      ],
      "bloodtype": "A"
    },
    "34": {
      "sources": [
        34
      ],
      "dage": 59,
      "matches": [
        {
          "recipient": 38,
          "score": 82
        },
        {
          "recipient": 39,
          "score": 13
        },
        {
          "recipient": 45,
          "score": 77
        },
        {
          "recipient": 75,
          "score": 33
        },
        {
          "recipient": 78,
          "score": 83
        },
        {
          "recipient": 93,
          "score": 54
        }
      ],
      "bloodtype": "A"
    },
    "35": {
      "sources": [
        35
      ],
      "dage": 44,
      "matches": [
        {
          "recipient": 39,
          "score": 79
        },
        {
          "recipient": 45,
          "score": 70
        },
        {
          "recipient": 75,
          "score": 62
        },
        {
          "recipient": 78,
          "score": 74
        },
        {
          "recipient": 92,
          "score": 62
        },
        {
          "recipient": 93,
          "score": 60
        }
      ],
      "bloodtype": "A"
    },
    "36": {
      "sources": [
        36
      ],
      "dage": 29,
      "matches": [
        {
          "recipient": 39,
          "score": 46
        },
        {
          "recipient": 45,
          "score": 51
        },
        {
          "recipient": 74,
          "score": 33
        },
        {
          "recipient": 75,
          "score": 59
        },
        {
          "recipient": 78,
          "score": 32
        },
        {
          "recipient": 93,
          "score": 61
        }
      ],
      "bloodtype": "A"
    },
    "37": {
      "sources": [
        37
      ],
      "dage": 63,
      "matches": [
        {
          "recipient": 39,
          "score": 85
        },
        {
          "recipient": 74,
          "score": 89
        },
        {
          "recipient": 75,
          "score": 44
        }
      ],
      "bloodtype": "A"
    },
    "38": {
      "sources": [
        38
      ],
      "dage": 34,
      "matches": [
        {
          "recipient": 39,
          "score": 2
        },
        {
          "recipient": 40,
          "score": 49
        },
        {
          "recipient": 45,
          "score": 75
        },
        {
          "recipient": 75,
          "score": 14
        }
      ],
      "bloodtype": "A"
    },
    "39": {
      "sources": [
        39
      ],
      "dage": 61,
      "bloodtype": "AB"
    },
    "40": {
      "sources": [
        40
      ],
      "dage": 35,
      "matches": [
        {
          "recipient": 39,
          "score": 67
        },
        {
          "recipient": 45,
          "score": 18
        },
        {
          "recipient": 75,
          "score": 11
        }
      ],
      "bloodtype": "A"
    },
    "41": {
      "sources": [
        41
      ],
      "dage": 59,
      "matches": [
        {
          "recipient": 32,
          "score": 48
        },
        {
          "recipient": 39,
          "score": 64
        },
        {
          "recipient": 75,
          "score": 15
        },
        {
          "recipient": 93,
          "score": 74
        }
      ],
      "bloodtype": "A"
    },
    "42": {
      "sources": [
        42
      ],
      "dage": 45,
      "matches": [
        {
          "recipient": 10,
          "score": 17
        },
        {
          "recipient": 19,
          "score": 71
        },
        {
          "recipient": 20,
          "score": 73
        },
        {
          "recipient": 29,
          "score": 59
        },
        {
          "recipient": 33,
          "score": 64
        },
        {
          "recipient": 35,
          "score": 81
        },
        {
          "recipient": 39,
          "score": 76
        },
        {
          "recipient": 45,
          "score": 71
        },
        {
          "recipient": 48,
          "score": 64
        },
        {
          "recipient": 58,
          "score": 85
        },
        {
          "recipient": 61,
          "score": 77
        },
        {
          "recipient": 75,
          "score": 50
        },
        {
          "recipient": 86,
          "score": 39
        },
        {
          "recipient": 93,
          "score": 45
        }
      ],
      "bloodtype": "O"
    },
    "43": {
      "sources": [
        43
      ],
      "dage": 50,
      "matches": [
        {
          "recipient": 8,
          "score": 6
        },
        {
          "recipient": 18,
          "score": 50
        },
        {
          "recipient": 19,
          "score": 31
        },
        {
          "recipient": 20,
          "score": 49
        },
        {
          "recipient": 29,
          "score": 54
        },
        {
          "recipient": 38,
          "score": 65
        },
        {
          "recipient": 39,
          "score": 29
        },
        {
          "recipient": 58,
          "score": 34
        },
        {
          "recipient": 61,
          "score": 46
        },
        {
          "recipient": 71,
          "score": 77
        },
        {
          "recipient": 73,
          "score": 49
        },
        {
          "recipient": 75,
          "score": 80
        },
        {
          "recipient": 86,
          "score": 26
        },
        {
          "recipient": 94,
          "score": 85
        },
        {
          "recipient": 98,
          "score": 66
        }
      ],
      "bloodtype": "O"
    },
    "44": {
      "sources": [
        44
      ],
      "dage": 37,
      "matches": [
        {
          "recipient": 2,
          "score": 59
        },
        {
          "recipient": 19,
          "score": 69
        },
        {
          "recipient": 20,
          "score": 89
        },
        {
          "recipient": 29,
          "score": 33
        },
        {
          "recipient": 33,
          "score": 78
        },
        {
          "recipient": 39,
          "score": 4
        },
        {
          "recipient": 42,
          "score": 16
        },
        {
          "recipient": 61,
          "score": 29
        },
        {
          "recipient": 67,
          "score": 29
        },
        {
          "recipient": 71,
          "score": 89
        },
        {
          "recipient": 73,
          "score": 25
        },
        {
          "recipient": 75,
          "score": 73
        },
        {
          "recipient": 76,
          "score": 76
        },
        {
          "recipient": 78,
          "score": 2
        },
        {
          "recipient": 86,
          "score": 15
        },
        {
          "recipient": 89,
          "score": 41
        },
        {
          "recipient": 92,
          "score": 58
        },
        {
          "recipient": 93,
          "score": 67
        },
        {
          "recipient": 96,
          "score": 79
        },
        {
          "recipient": 98,
          "score": 31
        }
      ],
      "bloodtype": "O"
    },
    "45": {
      "sources": [
        45
      ],
      "dage": 19,
      "matches": [
        {
          "recipient": 71,
          "score": 24
        },
        {
          "recipient": 98,
          "score": 81
        }
      ],
      "bloodtype": "B"
    },
    "46": {
      "sources": [
        46
      ],
      "dage": 43,
      "matches": [
        {
          "recipient": 26,
          "score": 32
        },
        {
          "recipient": 39,
          "score": 61
        },
        {
          "recipient": 75,
          "score": 84
        },
        {
          "recipient": 93,
          "score": 45
        }
      ],
      "bloodtype": "A"
    },
    "47": {
      "sources": [
        47
      ],
      "dage": 60,
      "matches": [
        {
          "recipient": 10,
          "score": 9
        },
        {
          "recipient": 11,
          "score": 76
        },
        {
          "recipient": 18,
          "score": 72
        },
        {
          "recipient": 19,
          "score": 31
        },
        {
          "recipient": 20,
          "score": 3
        },
        {
          "recipient": 29,
          "score": 81
        },
        {
          "recipient": 35,
          "score": 9
        },
        {
          "recipient": 39,
          "score": 29
        },
        {
          "recipient": 42,
          "score": 77
        },
        {
          "recipient": 67,
          "score": 43
        },
        {
          "recipient": 73,
          "score": 83
        },
        {
          "recipient": 75,
          "score": 36
        },
        {
          "recipient": 86,
          "score": 43
        },
        {
          "recipient": 92,
          "score": 67
        },
        {
          "recipient": 98,
          "score": 28
        }
      ],
      "bloodtype": "O"
    },
    "48": {
      "sources": [
        48
      ],
      "dage": 32,
      "matches": [
        {
          "recipient": 39,
          "score": 20
        },
        {
          "recipient": 75,
          "score": 27
        },
        {
          "recipient": 93,
          "score": 67
        }
      ],
      "bloodtype": "A"
    },
    "49": {
      "sources": [
        49
      ],
      "dage": 46,
      "matches": [
        {
          "recipient": 5,
          "score": 4
        },
        {
          "recipient": 10,
          "score": 40
        },
        {
          "recipient": 11,
          "score": 59
        },
        {
          "recipient": 19,
          "score": 14
        },
        {
          "recipient": 20,
          "score": 17
        },
        {
          "recipient": 29,
          "score": 19
        },
        {
          "recipient": 33,
          "score": 19
        },
        {
          "recipient": 38,
          "score": 69
        },
        {
          "recipient": 39,
          "score": 30
        },
        {
          "recipient": 42,
          "score": 55
        },
        {
          "recipient": 48,
          "score": 8
        },
        {
          "recipient": 58,
          "score": 52
        },
        {
          "recipient": 70,
          "score": 78
        },
        {
          "recipient": 71,
          "score": 3
        },
        {
          "recipient": 73,
          "score": 46
        },
        {
          "recipient": 74,
          "score": 59
        },
        {
          "recipient": 75,
          "score": 52
        },
        {
          "recipient": 78,
          "score": 17
        },
        {
          "recipient": 86,
          "score": 60
        },
        {
          "recipient": 89,
          "score": 29
        },
        {
          "recipient": 93,
          "score": 20
        },
        {
          "recipient": 98,
          "score": 78
        }
      ],
      "bloodtype": "O"
    },
    "50": {
      "sources": [
        50
      ],
      "dage": 57,
      "matches": [
        {
          "recipient": 39,
          "score": 1
        },
        {
          "recipient": 58,
          "score": 6
        },
        {
          "recipient": 75,
          "score": 35
        },
        {
          "recipient": 78,
          "score": 14
        },
        {
          "recipient": 87,
          "score": 20
        },
        {
          "recipient": 93,
          "score": 85
        }
      ],
      "bloodtype": "A"
    },
    "51": {
      "sources": [
        51
      ],
      "dage": 25,
      "matches": [
        {
          "recipient": 7,
          "score": 42
        },
        {
          "recipient": 10,
          "score": 52
        },
        {
          "recipient": 18,
          "score": 80
        },
        {
          "recipient": 19,
          "score": 82
        },
        {
          "recipient": 20,
          "score": 56
        },
        {
          "recipient": 29,
          "score": 60
        },
        {
          "recipient": 39,
          "score": 8
        },
        {
          "recipient": 42,
          "score": 46
        },
        {
          "recipient": 45,
          "score": 86
        },
        {
          "recipient": 48,
          "score": 29
        },
        {
          "recipient": 58,
          "score": 32
        },
        {
          "recipient": 59,
          "score": 60
        },
        {
          "recipient": 71,
          "score": 53
        },
        {
          "recipient": 73,
          "score": 64
        },
        {
          "recipient": 75,
          "score": 7
        },
        {
          "recipient": 80,
          "score": 42
        },
        {
          "recipient": 86,
          "score": 78
        },
        {
          "recipient": 89,
          "score": 41
        },
        {
          "recipient": 98,
          "score": 14
        }
      ],
      "bloodtype": "O"
    },
    "52": {
      "sources": [
        52
      ],
      "dage": 56,
      "matches": [
        {
          "recipient": 39,
          "score": 78
        },
        {
          "recipient": 58,
          "score": 1
        },
        {
          "recipient": 75,
          "score": 22
        }
      ],
      "bloodtype": "A"
    },
    "53": {
      "sources": [
        53
      ],
      "dage": 54,
      "matches": [
        {
          "recipient": 39,
          "score": 65
        },
        {
          "recipient": 45,
          "score": 89
        },
        {
          "recipient": 75,
          "score": 29
        },
        {
          "recipient": 87,
          "score": 54
        },
        {
          "recipient": 92,
          "score": 56
        }
      ],
      "bloodtype": "A"
    },
    "54": {
      "sources": [
        54
      ],
      "dage": 35,
      "matches": [
        {
          "recipient": 67,
          "score": 43
        },
        {
          "recipient": 98,
          "score": 67
        }
      ],
      "bloodtype": "B"
    },
    "55": {
      "sources": [
        55
      ],
      "dage": 63,
      "matches": [
        {
          "recipient": 59,
          "score": 46
        },
        {
          "recipient": 71,
          "score": 39
        },
        {
          "recipient": 98,
          "score": 55
        }
      ],
      "bloodtype": "B"
    },
    "56": {
      "sources": [
        56
      ],
      "dage": 59,
      "matches": [
        {
          "recipient": 39,
          "score": 71
        },
        {
          "recipient": 45,
          "score": 73
        },
        {
          "recipient": 58,
          "score": 18
        },
        {
          "recipient": 75,
          "score": 37
        },
        {
          "recipient": 92,
          "score": 80
        },
        {
          "recipient": 93,
          "score": 16
        }
      ],
      "bloodtype": "A"
    },
    "57": {
      "sources": [
        57
      ],
      "dage": 57,
      "matches": [
        {
          "recipient": 39,
          "score": 15
        },
        {
          "recipient": 58,
          "score": 30
        },
        {
          "recipient": 75,
          "score": 56
        }
      ],
      "bloodtype": "A"
    },
    "58": {
      "sources": [
        58
      ],
      "dage": 33,
      "matches": [
        {
          "recipient": 38,
          "score": 54
        },
        {
          "recipient": 39,
          "score": 29
        },
        {
          "recipient": 75,
          "score": 37
        },
        {
          "recipient": 78,
          "score": 20
        },
        {
          "recipient": 92,
          "score": 83
        }
      ],
      "bloodtype": "A"
    },
    "59": {
      "sources": [
        59
      ],
      "dage": 65,
      "matches": [
        {
          "recipient": 10,
          "score": 25
        },
        {
          "recipient": 19,
          "score": 59
        },
        {
          "recipient": 20,
          "score": 17
        },
        {
          "recipient": 25,
          "score": 11
        },
        {
          "recipient": 29,
          "score": 18
        },
        {
          "recipient": 39,
          "score": 90
        },
        {
          "recipient": 42,
          "score": 72
        },
        {
          "recipient": 48,
          "score": 30
        },
        {
          "recipient": 71,
          "score": 1
        },
        {
          "recipient": 73,
          "score": 53
        },
        {
          "recipient": 75,
          "score": 24
        },
        {
          "recipient": 78,
          "score": 40
        },
        {
          "recipient": 86,
          "score": 6
        },
        {
          "recipient": 89,
          "score": 4
        },
        {
          "recipient": 93,
          "score": 83
        },
        {
          "recipient": 94,
          "score": 54
        },
        {
          "recipient": 97,
          "score": 46
        },
        {
          "recipient": 98,
          "score": 36
        }
      ],
      "bloodtype": "O"
    },
    "60": {
      "sources": [
        60
      ],
      "dage": 66,
      "matches": [
        {
          "recipient": 10,
          "score": 29
        },
        {
          "recipient": 12,
          "score": 37
        },
        {
          "recipient": 18,
          "score": 57
        },
        {
          "recipient": 19,
          "score": 69
        },
        {
          "recipient": 20,
          "score": 58
        },
        {
          "recipient": 25,
          "score": 12
        },
        {
          "recipient": 29,
          "score": 16
        },
        {
          "recipient": 35,
          "score": 9
        },
        {
          "recipient": 38,
          "score": 50
        },
        {
          "recipient": 39,
          "score": 58
        },
        {
          "recipient": 42,
          "score": 61
        },
        {
          "recipient": 48,
          "score": 84
        },
        {
          "recipient": 73,
          "score": 15
        },
        {
          "recipient": 75,
          "score": 31
        },
        {
          "recipient": 86,
          "score": 71
        },
        {
          "recipient": 92,
          "score": 10
        },
        {
          "recipient": 98,
          "score": 62
        },
        {
          "recipient": 99,
          "score": 54
        }
      ],
      "bloodtype": "O"
    },
    "61": {
      "sources": [
        61
      ],
      "dage": 50,
      "matches": [
        {
          "recipient": 39,
          "score": 29
        },
        {
          "recipient": 45,
          "score": 70
        },
        {
          "recipient": 58,
          "score": 9
        },
        {
          "recipient": 75,
          "score": 43
        }
      ],
      "bloodtype": "A"
    },
    "62": {
      "sources": [
        62
      ],
      "dage": 46,
      "matches": [
        {
          "recipient": 18,
          "score": 7
        },
        {
          "recipient": 19,
          "score": 42
        },
        {
          "recipient": 20,
          "score": 21
        },
        {
          "recipient": 21,
          "score": 7
        },
        {
          "recipient": 26,
          "score": 6
        },
        {
          "recipient": 29,
          "score": 12
        },
        {
          "recipient": 39,
          "score": 35
        },
        {
          "recipient": 42,
          "score": 32
        },
        {
          "recipient": 44,
          "score": 81
        },
        {
          "recipient": 45,
          "score": 52
        },
        {
          "recipient": 58,
          "score": 26
        },
        {
          "recipient": 59,
          "score": 1
        },
        {
          "recipient": 67,
          "score": 80
        },
        {
          "recipient": 71,
          "score": 22
        },
        {
          "recipient": 73,
          "score": 64
        },
        {
          "recipient": 75,
          "score": 7
        },
        {
          "recipient": 86,
          "score": 50
        },
        {
          "recipient": 87,
          "score": 88
        },
        {
          "recipient": 89,
          "score": 77
        },
        {
          "recipient": 93,
          "score": 60
        },
        {
          "recipient": 99,
          "score": 9
        }
      ],
      "bloodtype": "O"
    },
    "63": {
      "sources": [
        63
      ],
      "dage": 22,
      "matches": [
        {
          "recipient": 7,
          "score": 45
        },
        {
          "recipient": 39,
          "score": 76
        },
        {
          "recipient": 75,
          "score": 25
        },
        {
          "recipient": 78,
          "score": 24
        },
        {
          "recipient": 87,
          "score": 64
        },
        {
          "recipient": 92,
          "score": 53
        }
      ],
      "bloodtype": "A"
    },
    "64": {
      "sources": [
        64
      ],
      "dage": 52,
      "matches": [
        {
          "recipient": 10,
          "score": 52
        },
        {
          "recipient": 14,
          "score": 61
        },
        {
          "recipient": 18,
          "score": 2
        },
        {
          "recipient": 19,
          "score": 54
        },
        {
          "recipient": 20,
          "score": 50
        },
        {
          "recipient": 29,
          "score": 8
        },
        {
          "recipient": 39,
          "score": 22
        },
        {
          "recipient": 42,
          "score": 67
        },
        {
          "recipient": 45,
          "score": 54
        },
        {
          "recipient": 58,
          "score": 88
        },
        {
          "recipient": 61,
          "score": 3
        },
        {
          "recipient": 67,
          "score": 40
        },
        {
          "recipient": 70,
          "score": 5
        },
        {
          "recipient": 73,
          "score": 53
        },
        {
          "recipient": 75,
          "score": 59
        },
        {
          "recipient": 86,
          "score": 59
        },
        {
          "recipient": 93,
          "score": 76
        },
        {
          "recipient": 98,
          "score": 29
        }
      ],
      "bloodtype": "O"
    },
    "65": {
      "sources": [
        65
      ],
      "dage": 30,
      "matches": [
        {
          "recipient": 26,
          "score": 16
        },
        {
          "recipient": 39,
          "score": 42
        },
        {
          "recipient": 75,
          "score": 86
        },
        {
          "recipient": 87,
          "score": 86
        }
      ],
      "bloodtype": "A"
    },
    "66": {
      "sources": [
        66
      ],
      "dage": 39,
      "matches": [
        {
          "recipient": 10,
          "score": 59
        },
        {
          "recipient": 19,
          "score": 77
        },
        {
          "recipient": 20,
          "score": 76
        },
        {
          "recipient": 39,
          "score": 42
        },
        {
          "recipient": 42,
          "score": 49
        },
        {
          "recipient": 45,
          "score": 22
        },
        {
          "recipient": 56,
          "score": 75
        },
        {
          "recipient": 58,
          "score": 76
        },
        {
          "recipient": 59,
          "score": 49
        },
        {
          "recipient": 73,
          "score": 42
        },
        {
          "recipient": 75,
          "score": 44
        },
        {
          "recipient": 86,
          "score": 21
        },
        {
          "recipient": 92,
          "score": 40
        },
        {
          "recipient": 98,
          "score": 44
        }
      ],
      "bloodtype": "O"
    },
    "67": {
      "sources": [
        67
      ],
      "dage": 36,
      "matches": [
        {
          "recipient": 39,
          "score": 88
        },
        {
          "recipient": 75,
          "score": 58
        }
      ],
      "bloodtype": "A"
    },
    "68": {
      "sources": [
        68
      ],
      "dage": 66,
      "matches": [
        {
          "recipient": 39,
          "score": 10
        },
        {
          "recipient": 75,
          "score": 39
        },
        {
          "recipient": 87,
          "score": 17
        },
        {
          "recipient": 92,
          "score": 88
        }
      ],
      "bloodtype": "A"
    },
    "69": {
      "sources": [
        69
      ],
      "dage": 53,
      "matches": [
        {
          "recipient": 19,
          "score": 85
        },
        {
          "recipient": 20,
          "score": 85
        },
        {
          "recipient": 28,
          "score": 34
        },
        {
          "recipient": 29,
          "score": 4
        },
        {
          "recipient": 39,
          "score": 30
        },
        {
          "recipient": 42,
          "score": 6
        },
        {
          "recipient": 44,
          "score": 44
        },
        {
          "recipient": 48,
          "score": 21
        },
        {
          "recipient": 73,
          "score": 70
        },
        {
          "recipient": 75,
          "score": 15
        },
        {
          "recipient": 78,
          "score": 4
        },
        {
          "recipient": 86,
          "score": 69
        },
        {
          "recipient": 87,
          "score": 27
        },
        {
          "recipient": 93,
          "score": 84
        },
        {
          "recipient": 98,
          "score": 32
        }
      ],
      "bloodtype": "O"
    },
    "70": {
      "sources": [
        70
      ],
      "dage": 48,
      "matches": [
        {
          "recipient": 10,
          "score": 43
        },
        {
          "recipient": 19,
          "score": 10
        },
        {
          "recipient": 20,
          "score": 67
        },
        {
          "recipient": 29,
          "score": 30
        },
        {
          "recipient": 33,
          "score": 66
        },
        {
          "recipient": 39,
          "score": 69
        },
        {
          "recipient": 48,
          "score": 81
        },
        {
          "recipient": 61,
          "score": 60
        },
        {
          "recipient": 71,
          "score": 14
        },
        {
          "recipient": 73,
          "score": 66
        },
        {
          "recipient": 75,
          "score": 16
        },
        {
          "recipient": 86,
          "score": 1
        },
        {
          "recipient": 89,
          "score": 38
        },
        {
          "recipient": 92,
          "score": 78
        },
        {
          "recipient": 93,
          "score": 79
        }
      ],
      "bloodtype": "O"
    },
    "71": {
      "sources": [
        71
      ],
      "dage": 60,
      "matches": [
        {
          "recipient": 98,
          "score": 22
        }
      ],
      "bloodtype": "B"
    },
    "72": {
      "sources": [
        72
      ],
      "dage": 22,
      "matches": [
        {
          "recipient": 39,
          "score": 20
        },
        {
          "recipient": 45,
          "score": 45
        },
        {
          "recipient": 56,
          "score": 24
        },
        {
          "recipient": 75,
          "score": 56
        },
        {
          "recipient": 92,
          "score": 35
        },
        {
          "recipient": 93,
          "score": 77
        }
      ],
      "bloodtype": "A"
    },
    "73": {
      "sources": [
        73
      ],
      "dage": 41,
      "matches": [
        {
          "recipient": 21,
          "score": 1
        },
        {
          "recipient": 26,
          "score": 57
        },
        {
          "recipient": 39,
          "score": 22
        },
        {
          "recipient": 45,
          "score": 3
        },
        {
          "recipient": 75,
          "score": 30
        },
        {
          "recipient": 78,
          "score": 13
        }
      ],
      "bloodtype": "A"
    },
    "74": {
      "sources": [
        74
      ],
      "dage": 34,
      "bloodtype": "B"
    },
    "75": {
      "sources": [
        75
      ],
      "dage": 30,
      "matches": [
        {
          "recipient": 39,
          "score": 28
        }
      ],
      "bloodtype": "A"
    },
    "76": {
      "sources": [
        76
      ],
      "dage": 43,
      "matches": [
        {
          "recipient": 39,
          "score": 9
        },
        {
          "recipient": 66,
          "score": 25
        },
        {
          "recipient": 75,
          "score": 16
        },
        {
          "recipient": 93,
          "score": 16
        }
      ],
      "bloodtype": "A"
    },
    "77": {
      "sources": [
        77
      ],
      "dage": 52,
      "matches": [
        {
          "recipient": 19,
          "score": 18
        },
        {
          "recipient": 20,
          "score": 15
        },
        {
          "recipient": 26,
          "score": 70
        },
        {
          "recipient": 29,
          "score": 88
        },
        {
          "recipient": 39,
          "score": 23
        },
        {
          "recipient": 45,
          "score": 21
        },
        {
          "recipient": 48,
          "score": 83
        },
        {
          "recipient": 61,
          "score": 82
        },
        {
          "recipient": 67,
          "score": 56
        },
        {
          "recipient": 73,
          "score": 34
        },
        {
          "recipient": 75,
          "score": 11
        },
        {
          "recipient": 86,
          "score": 51
        },
        {
          "recipient": 92,
          "score": 67
        },
        {
          "recipient": 93,
          "score": 36
        },
        {
          "recipient": 98,
          "score": 38
        }
      ],
      "bloodtype": "O"
    },
    "78": {
      "sources": [
        78
      ],
      "dage": 25,
      "matches": [
        {
          "recipient": 67,
          "score": 32
        },
        {
          "recipient": 71,
          "score": 74
        },
        {
          "recipient": 98,
          "score": 43
        }
      ],
      "bloodtype": "B"
    },
    "79": {
      "sources": [
        79
      ],
      "dage": 55,
      "matches": [
        {
          "recipient": 26,
          "score": 56
        },
        {
          "recipient": 39,
          "score": 54
        },
        {
          "recipient": 40,
          "score": 90
        },
        {
          "recipient": 75,
          "score": 7
        }
      ],
      "bloodtype": "A"
    },
    "80": {
      "sources": [
        80
      ],
      "dage": 24,
      "matches": [
        {
          "recipient": 26,
          "score": 81
        },
        {
          "recipient": 38,
          "score": 25
        },
        {
          "recipient": 39,
          "score": 6
        },
        {
          "recipient": 58,
          "score": 15
        },
        {
          "recipient": 66,
          "score": 43
        },
        {
          "recipient": 75,
          "score": 67
        },
        {
          "recipient": 93,
          "score": 52
        },
        {
          "recipient": 96,
          "score": 89
        }
      ],
      "bloodtype": "A"
    },
    "81": {
      "sources": [
        81
      ],
      "dage": 52,
      "matches": [
        {
          "recipient": 39,
          "score": 47
        },
        {
          "recipient": 58,
          "score": 1
        },
        {
          "recipient": 75,
          "score": 13
        },
        {
          "recipient": 92,
          "score": 72
        },
        {
          "recipient": 93,
          "score": 89
        }
      ],
      "bloodtype": "A"
    },
    "82": {
      "sources": [
        82
      ],
      "dage": 44,
      "matches": [
        {
          "recipient": 39,
          "score": 41
        },
        {
          "recipient": 75,
          "score": 62
        },
        {
          "recipient": 78,
          "score": 70
        }
      ],
      "bloodtype": "A"
    },
    "83": {
      "sources": [
        83
      ],
      "dage": 26,
      "matches": [
        {
          "recipient": 10,
          "score": 72
        },
        {
          "recipient": 19,
          "score": 66
        },
        {
          "recipient": 20,
          "score": 3
        },
        {
          "recipient": 25,
          "score": 4
        },
        {
          "recipient": 29,
          "score": 53
        },
        {
          "recipient": 39,
          "score": 61
        },
        {
          "recipient": 42,
          "score": 20
        },
        {
          "recipient": 44,
          "score": 1
        },
        {
          "recipient": 45,
          "score": 84
        },
        {
          "recipient": 48,
          "score": 59
        },
        {
          "recipient": 61,
          "score": 18
        },
        {
          "recipient": 71,
          "score": 6
        },
        {
          "recipient": 73,
          "score": 78
        },
        {
          "recipient": 75,
          "score": 5
        },
        {
          "recipient": 79,
          "score": 60
        },
        {
          "recipient": 86,
          "score": 87
        },
        {
          "recipient": 89,
          "score": 42
        },
        {
          "recipient": 93,
          "score": 31
        },
        {
          "recipient": 99,
          "score": 68
        }
      ],
      "bloodtype": "O"
    },
    "84": {
      "sources": [
        84
      ],
      "dage": 67,
      "matches": [
        {
          "recipient": 39,
          "score": 22
        },
        {
          "recipient": 45,
          "score": 37
        },
        {
          "recipient": 92,
          "score": 55
        }
      ],
      "bloodtype": "A"
    },
    "85": {
      "sources": [
        85
      ],
      "dage": 49,
      "matches": [
        {
          "recipient": 39,
          "score": 38
        },
        {
          "recipient": 45,
          "score": 16
        },
        {
          "recipient": 58,
          "score": 12
        },
        {
          "recipient": 75,
          "score": 8
        },
        {
          "recipient": 78,
          "score": 5
        }
      ],
      "bloodtype": "A"
    },
    "86": {
      "sources": [
        86
      ],
      "dage": 29,
      "matches": [
        {
          "recipient": 7,
          "score": 24
        },
        {
          "recipient": 39,
          "score": 9
        },
        {
          "recipient": 45,
          "score": 17
        },
        {
          "recipient": 75,
          "score": 62
        },
        {
          "recipient": 93,
          "score": 62
        }
      ],
      "bloodtype": "A"
    },
    "87": {
      "sources": [
        87
      ],
      "dage": 63,
      "matches": [
        {
          "recipient": 23,
          "score": 20
        },
        {
          "recipient": 39,
          "score": 83
        },
        {
          "recipient": 75,
          "score": 77
        },
        {
          "recipient": 82,
          "score": 25
        },
        {
          "recipient": 92,
          "score": 77
        },
        {
          "recipient": 93,
          "score": 72
        },
        {
          "recipient": 95,
          "score": 55
        }
      ],
      "bloodtype": "A"
    },
    "88": {
      "sources": [
        88
      ],
      "dage": 68,
      "matches": [
        {
          "recipient": 6,
          "score": 39
        },
        {
          "recipient": 10,
          "score": 21
        },
        {
          "recipient": 19,
          "score": 24
        },
        {
          "recipient": 20,
          "score": 79
        },
        {
          "recipient": 29,
          "score": 21
        },
        {
          "recipient": 34,
          "score": 44
        },
        {
          "recipient": 39,
          "score": 29
        },
        {
          "recipient": 42,
          "score": 8
        },
        {
          "recipient": 48,
          "score": 34
        },
        {
          "recipient": 71,
          "score": 70
        },
        {
          "recipient": 73,
          "score": 19
        },
        {
          "recipient": 75,
          "score": 50
        },
        {
          "recipient": 86,
          "score": 16
        },
        {
          "recipient": 94,
          "score": 66
        },
        {
          "recipient": 98,
          "score": 43
        }
      ],
      "bloodtype": "O"
    },
    "89": {
      "sources": [
        89
      ],
      "dage": 32,
      "matches": [
        {
          "recipient": 39,
          "score": 82
        },
        {
          "recipient": 58,
          "score": 21
        },
        {
          "recipient": 75,
          "score": 42
        },
        {
          "recipient": 78,
          "score": 15
        },
        {
          "recipient": 92,
          "score": 69
        },
        {
          "recipient": 93,
          "score": 19
        }
      ],
      "bloodtype": "A"
    },
    "90": {
      "sources": [
        90
      ],
      "dage": 46,
      "matches": [
        {
          "recipient": 10,
          "score": 2
        },
        {
          "recipient": 18,
          "score": 17
        },
        {
          "recipient": 19,
          "score": 33
        },
        {
          "recipient": 20,
          "score": 61
        },
        {
          "recipient": 26,
          "score": 80
        },
        {
          "recipient": 29,
          "score": 86
        },
        {
          "recipient": 30,
          "score": 52
        },
        {
          "recipient": 32,
          "score": 35
        },
        {
          "recipient": 39,
          "score": 49
        },
        {
          "recipient": 42,
          "score": 68
        },
        {
          "recipient": 48,
          "score": 44
        },
        {
          "recipient": 61,
          "score": 28
        },
        {
          "recipient": 71,
          "score": 60
        },
        {
          "recipient": 73,
          "score": 72
        },
        {
          "recipient": 75,
          "score": 57
        },
        {
          "recipient": 86,
          "score": 58
        },
        {
          "recipient": 93,
          "score": 25
        },
        {
          "recipient": 98,
          "score": 3
        }
      ],
      "bloodtype": "O"
    },
    "91": {
      "sources": [
        91
      ],
      "dage": 30,
      "bloodtype": "AB"
    },
    "92": {
      "sources": [
        92
      ],
      "dage": 23,
      "matches": [
        {
          "recipient": 32,
          "score": 44
        },
        {
          "recipient": 39,
          "score": 31
        },
        {
          "recipient": 45,
          "score": 69
        },
        {
          "recipient": 58,
          "score": 66
        },
        {
          "recipient": 75,
          "score": 73
        },
        {
          "recipient": 78,
          "score": 22
        },
        {
          "recipient": 93,
          "score": 70
        },
        {
          "recipient": 95,
          "score": 75
        }
      ],
      "bloodtype": "A"
    },
    "93": {
      "sources": [
        93
      ],
      "dage": 47,
      "matches": [
        {
          "recipient": 4,
          "score": 9
        },
        {
          "recipient": 11,
          "score": 62
        },
        {
          "recipient": 19,
          "score": 5
        },
        {
          "recipient": 20,
          "score": 26
        },
        {
          "recipient": 25,
          "score": 58
        },
        {
          "recipient": 29,
          "score": 5
        },
        {
          "recipient": 31,
          "score": 49
        },
        {
          "recipient": 39,
          "score": 28
        },
        {
          "recipient": 42,
          "score": 69
        },
        {
          "recipient": 58,
          "score": 49
        },
        {
          "recipient": 61,
          "score": 82
        },
        {
          "recipient": 65,
          "score": 44
        },
        {
          "recipient": 70,
          "score": 28
        },
        {
          "recipient": 71,
          "score": 88
        },
        {
          "recipient": 73,
          "score": 62
        },
        {
          "recipient": 75,
          "score": 1
        },
        {
          "recipient": 78,
          "score": 41
        },
        {
          "recipient": 86,
          "score": 85
        },
        {
          "recipient": 98,
          "score": 36
        }
      ],
      "bloodtype": "O"
    },
    "94": {
      "sources": [
        94
      ],
      "dage": 49,
      "matches": [
        {
          "recipient": 39,
          "score": 15
        },
        {
          "recipient": 45,
          "score": 37
        },
        {
          "recipient": 75,
          "score": 87
        }
      ],
      "bloodtype": "A"
    },
    "95": {
      "sources": [
        95
      ],
      "dage": 30,
      "matches": [
        {
          "recipient": 23,
          "score": 72
        },
        {
          "recipient": 39,
          "score": 27
        },
        {
          "recipient": 68,
          "score": 65
        },
        {
          "recipient": 75,
          "score": 29
        },
        {
          "recipient": 78,
          "score": 8
        },
        {
          "recipient": 92,
          "score": 33
        },
        {
          "recipient": 93,
          "score": 13
        }
      ],
      "bloodtype": "A"
    },
    "96": {
      "sources": [
        96
      ],
      "dage": 46,
      "matches": [
        {
          "recipient": 10,
          "score": 19
        },
        {
          "recipient": 11,
          "score": 69
        },
        {
          "recipient": 18,
          "score": 21
        },
        {
          "recipient": 19,
          "score": 29
        },
        {
          "recipient": 20,
          "score": 13
        },
        {
          "recipient": 25,
          "score": 64
        },
        {
          "recipient": 29,
          "score": 52
        },
        {
          "recipient": 32,
          "score": 44
        },
        {
          "recipient": 35,
          "score": 24
        },
        {
          "recipient": 39,
          "score": 72
        },
        {
          "recipient": 42,
          "score": 59
        },
        {
          "recipient": 48,
          "score": 40
        },
        {
          "recipient": 54,
          "score": 60
        },
        {
          "recipient": 73,
          "score": 55
        },
        {
          "recipient": 74,
          "score": 90
        },
        {
          "recipient": 75,
          "score": 30
        },
        {
          "recipient": 86,
          "score": 7
        },
        {
          "recipient": 92,
          "score": 19
        },
        {
          "recipient": 93,
          "score": 79
        },
        {
          "recipient": 99,
          "score": 55
        }
      ],
      "bloodtype": "O"
    },
    "97": {
      "sources": [
        97
      ],
      "dage": 36,
      "matches": [
        {
          "recipient": 39,
          "score": 11
        },
        {
          "recipient": 75,
          "score": 13
        },
        {
          "recipient": 92,
          "score": 31
        }
      ],
      "bloodtype": "A"
    },
    "98": {
      "sources": [
        98
      ],
      "dage": 32,
      "matches": [
        {
          "recipient": 39,
          "score": 77
        },
        {
          "recipient": 66,
          "score": 34
        },
        {
          "recipient": 75,
          "score": 49
        }
      ],
      "bloodtype": "A"
    },
    "99": {
      "sources": [
        99
      ],
      "dage": 43,
      "matches": [
        {
          "recipient": 39,
          "score": 43
        },
        {
          "recipient": 75,
          "score": 72
        },
        {
          "recipient": 87,
          "score": 78
        },
        {
          "recipient": 92,
          "score": 8
        }
      ],
      "bloodtype": "A"
    },
    "100": {
      "altruistic": true,
      "dage": 59,
      "matches": [
        {
          "recipient": 3,
          "score": 56
        },
        {
          "recipient": 10,
          "score": 63
        },
        {
          "recipient": 18,
          "score": 19
        },
        {
          "recipient": 19,
          "score": 69
        },
        {
          "recipient": 20,
          "score": 31
        },
        {
          "recipient": 29,
          "score": 23
        },
        {
          "recipient": 33,
          "score": 59
        },
        {
          "recipient": 39,
          "score": 41
        },
        {
          "recipient": 42,
          "score": 75
        },
        {
          "recipient": 45,
          "score": 12
        },
        {
          "recipient": 58,
          "score": 4
        },
        {
          "recipient": 59,
          "score": 8
        },
        {
          "recipient": 70,
          "score": 5
        },
        {
          "recipient": 73,
          "score": 46
        },
        {
          "recipient": 75,
          "score": 27
        },
        {
          "recipient": 86,
          "score": 38
        },
        {
          "recipient": 89,
          "score": 63
        },
        {
          "recipient": 92,
          "score": 46
        }
      ],
      "bloodtype": "O"
    },
    "101": {
      "altruistic": true,
      "dage": 59,
      "matches": [
        {
          "recipient": 7,
          "score": 72
        },
        {
          "recipient": 39,
          "score": 51
        },
        {
          "recipient": 58,
          "score": 19
        },
        {
          "recipient": 74,
          "score": 47
        },
        {
          "recipient": 75,
          "score": 39
        },
        {
          "recipient": 93,
          "score": 57
        }
      ],
      "bloodtype": "A"
    },
    "102": {
      "altruistic": true,
      "dage": 42,
      "matches": [
        {
          "recipient": 39,
          "score": 73
        },
        {
          "recipient": 45,
          "score": 15
        },
        {
          "recipient": 58,
          "score": 74
        },
        {
          "recipient": 75,
          "score": 77
        },
        {
          "recipient": 78,
          "score": 61
        }
      ],
      "bloodtype": "A"
    },
    "103": {
      "altruistic": true,
      "dage": 34,
      "matches": [
        {
          "recipient": 39,
          "score": 76
        },
        {
          "recipient": 58,
          "score": 38
        },
        {
          "recipient": 75,
          "score": 14
        },
        {
          "recipient": 78,
          "score": 70
        }
      ],
      "bloodtype": "A"
    },
    "104": {
      "altruistic": true,
      "dage": 33,
      "matches": [
        {
          "recipient": 10,
          "score": 64
        },
        {
          "recipient": 18,
          "score": 77
        },
        {
          "recipient": 19,
          "score": 68
        },
        {
          "recipient": 20,
          "score": 49
        },
        {
          "recipient": 29,
          "score": 74
        },
        {
          "recipient": 39,
          "score": 26
        },
        {
          "recipient": 42,
          "score": 47
        },
        {
          "recipient": 48,
          "score": 73
        },
        {
          "recipient": 56,
          "score": 58
        },
        {
          "recipient": 58,
          "score": 47
        },
        {
          "recipient": 71,
          "score": 71
        },
        {
          "recipient": 73,
          "score": 9
        },
        {
          "recipient": 75,
          "score": 66
        },
        {
          "recipient": 86,
          "score": 48
        },
        {
          "recipient": 88,
          "score": 63
        },
        {
          "recipient": 92,
          "score": 67
        },
        {
          "recipient": 98,
          "score": 38
        }
      ],
      "bloodtype": "O"
    }
  },
  "recipients": {
    "0": {
      "cPRA": 1,
      "bloodtype": "O",
      "hasBloodCompatibleDonor": true
    },
    "1": {
      "cPRA": 0.98,
      "bloodtype": "A",
      "hasBloodCompatibleDonor": true
    },
    "2": {
      "cPRA": 0.98,
      "bloodtype": "O",
      "hasBloodCompatibleDonor": false
    },
    "3": {
      "cPRA": 0.98,
      "bloodtype": "O",
      "hasBloodCompatibleDonor": true
    },
    "4": {
      "cPRA": 0.94,
      "bloodtype": "O",
      "hasBloodCompatibleDonor": false
    },
    "5": {
      "cPRA": 1,
      "bloodtype": "O",
      "hasBloodCompatibleDonor": true
    },
    "6": {
      "cPRA": 0.8284433737131687,
      "bloodtype": "O",
      "hasBloodCompatibleDonor": true
    },
    "7": {
      "cPRA": 0.94,
      "bloodtype": "A",
      "hasBloodCompatibleDonor": true
    },
    "8": {
      "cPRA": 1,
      "bloodtype": "O",
      "hasBloodCompatibleDonor": true
    },
    "9": {
      "cPRA": 0.99,
      "bloodtype": "O",
      "hasBloodCompatibleDonor": true
    },
    "10": {
      "cPRA": 0,
      "bloodtype": "O",
      "hasBloodCompatibleDonor": false
    },
    "11": {
      "cPRA": 0.7845169046104763,
      "bloodtype": "O",
      "hasBloodCompatibleDonor": false
    },
    "12": {
      "cPRA": 0.98,
      "bloodtype": "A",
      "hasBloodCompatibleDonor": true
    },
    "13": {
      "cPRA": 0.98,
      "bloodtype": "O",
      "hasBloodCompatibleDonor": true
    },
    "14": {
      "cPRA": 0.798415581490788,
      "bloodtype": "O",
      "hasBloodCompatibleDonor": false
    },
    "15": {
      "cPRA": 0.98,
      "bloodtype": "A",
      "hasBloodCompatibleDonor": true
    },
    "16": {
      "cPRA": 0.98,
      "bloodtype": "B",
      "hasBloodCompatibleDonor": true
    },
    "17": {
      "cPRA": 1,
      "bloodtype": "O",
      "hasBloodCompatibleDonor": true
    },
    "18": {
      "cPRA": 0.06585094664332616,
      "bloodtype": "O",
      "hasBloodCompatibleDonor": false
    },
    "19": {
      "cPRA": 0,
      "bloodtype": "O",
      "hasBloodCompatibleDonor": false
    },
    "20": {
      "cPRA": 0,
      "bloodtype": "O",
      "hasBloodCompatibleDonor": false
    },
    "21": {
      "cPRA": 1,
      "bloodtype": "A",
      "hasBloodCompatibleDonor": true
    },
    "22": {
      "cPRA": 0.99,
      "bloodtype": "A",
      "hasBloodCompatibleDonor": true
    },
    "23": {
      "cPRA": 0.99,
      "bloodtype": "A",
      "hasBloodCompatibleDonor": true
    },
    "24": {
      "cPRA": 0.99,
      "bloodtype": "B",
      "hasBloodCompatibleDonor": true
    },
    "25": {
      "cPRA": 0.7409456704810908,
      "bloodtype": "O",
      "hasBloodCompatibleDonor": true
    },
    "26": {
      "cPRA": 0.91,
      "bloodtype": "A",
      "hasBloodCompatibleDonor": true
    },
    "27": {
      "cPRA": 1,
      "bloodtype": "A",
      "hasBloodCompatibleDonor": true
    },
    "28": {
      "cPRA": 0.98,
      "bloodtype": "A",
      "hasBloodCompatibleDonor": true
    },
    "29": {
      "cPRA": 0,
      "bloodtype": "O",
      "hasBloodCompatibleDonor": false
    },
    "30": {
      "cPRA": 0.99,
      "bloodtype": "B",
      "hasBloodCompatibleDonor": true
    },
    "31": {
      "cPRA": 1,
      "bloodtype": "O",
      "hasBloodCompatibleDonor": false
    },
    "32": {
      "cPRA": 0.95,
      "bloodtype": "A",
      "hasBloodCompatibleDonor": true
    },
    "33": {
      "cPRA": 0,
      "bloodtype": "O",
      "hasBloodCompatibleDonor": false
    },
    "34": {
      "cPRA": 0.92,
      "bloodtype": "O",
      "hasBloodCompatibleDonor": false
    },
    "35": {
      "cPRA": 0.8371166542738993,
      "bloodtype": "O",
      "hasBloodCompatibleDonor": false
    },
    "36": {
      "cPRA": 0.99,
      "bloodtype": "A",
      "hasBloodCompatibleDonor": true
    },
    "37": {
      "cPRA": 0,
      "bloodtype": "O",
      "hasBloodCompatibleDonor": false
    },
    "38": {
      "cPRA": 0.8953807480434915,
      "bloodtype": "A",
      "hasBloodCompatibleDonor": true
    },
    "39": {
      "cPRA": 0,
      "bloodtype": "A",
      "hasBloodCompatibleDonor": false
    },
    "40": {
      "cPRA": 0.98,
      "bloodtype": "A",
      "hasBloodCompatibleDonor": true
    },
    "41": {
      "cPRA": 0.98,
      "bloodtype": "AB",
      "hasBloodCompatibleDonor": true
    },
    "42": {
      "cPRA": 0,
      "bloodtype": "O",
      "hasBloodCompatibleDonor": true
    },
    "43": {
      "cPRA": 0.99,
      "bloodtype": "A",
      "hasBloodCompatibleDonor": true
    },
    "44": {
      "cPRA": 0.8345028906661991,
      "bloodtype": "B",
      "hasBloodCompatibleDonor": true
    },
    "45": {
      "cPRA": 0.40289005808738837,
      "bloodtype": "A",
      "hasBloodCompatibleDonor": false
    },
    "46": {
      "cPRA": 0.98,
      "bloodtype": "O",
      "hasBloodCompatibleDonor": false
    },
    "47": {
      "cPRA": 1,
      "bloodtype": "O",
      "hasBloodCompatibleDonor": true
    },
    "48": {
      "cPRA": 0.056560903970818935,
      "bloodtype": "O",
      "hasBloodCompatibleDonor": false
    },
    "49": {
      "cPRA": 1,
      "bloodtype": "O",
      "hasBloodCompatibleDonor": true
    },
    "50": {
      "cPRA": 1,
      "bloodtype": "A",
      "hasBloodCompatibleDonor": true
    },
    "51": {
      "cPRA": 0.99,
      "bloodtype": "O",
      "hasBloodCompatibleDonor": true
    },
    "52": {
      "cPRA": 1,
      "bloodtype": "A",
      "hasBloodCompatibleDonor": true
    },
    "53": {
      "cPRA": 0.99,
      "bloodtype": "O",
      "hasBloodCompatibleDonor": false
    },
    "54": {
      "cPRA": 0.99,
      "bloodtype": "B",
      "hasBloodCompatibleDonor": true
    },
    "55": {
      "cPRA": 0.96,
      "bloodtype": "B",
      "hasBloodCompatibleDonor": true
    },
    "56": {
      "cPRA": 0.92,
      "bloodtype": "A",
      "hasBloodCompatibleDonor": true
    },
    "57": {
      "cPRA": 1,
      "bloodtype": "O",
      "hasBloodCompatibleDonor": false
    },
    "58": {
      "cPRA": 0,
      "bloodtype": "A",
      "hasBloodCompatibleDonor": true
    },
    "59": {
      "cPRA": 0.6610489250511083,
      "bloodtype": "B",
      "hasBloodCompatibleDonor": true
    },
    "60": {
      "cPRA": 1,
      "bloodtype": "O",
      "hasBloodCompatibleDonor": true
    },
    "61": {
      "cPRA": 0.4831101833102658,
      "bloodtype": "O",
      "hasBloodCompatibleDonor": false
    },
    "62": {
      "cPRA": 0.91,
      "bloodtype": "O",
      "hasBloodCompatibleDonor": true
    },
    "63": {
      "cPRA": 0.99,
      "bloodtype": "A",
      "hasBloodCompatibleDonor": true
    },
    "64": {
      "cPRA": 0.99,
      "bloodtype": "O",
      "hasBloodCompatibleDonor": true
    },
    "65": {
      "cPRA": 0.94,
      "bloodtype": "O",
      "hasBloodCompatibleDonor": false
    },
    "66": {
      "cPRA": 0.8995042221130541,
      "bloodtype": "A",
      "hasBloodCompatibleDonor": true
    },
    "67": {
      "cPRA": 0,
      "bloodtype": "B",
      "hasBloodCompatibleDonor": false
    },
    "68": {
      "cPRA": 0.99,
      "bloodtype": "A",
      "hasBloodCompatibleDonor": true
    },
    "69": {
      "cPRA": 0.97,
      "bloodtype": "O",
      "hasBloodCompatibleDonor": true
    },
    "70": {
      "cPRA": 0.596831989403064,
      "bloodtype": "O",
      "hasBloodCompatibleDonor": true
    },
    "71": {
      "cPRA": 0,
      "bloodtype": "B",
      "hasBloodCompatibleDonor": true
    },
    "72": {
      "cPRA": 0.99,
      "bloodtype": "O",
      "hasBloodCompatibleDonor": false
    },
    "73": {
      "cPRA": 0,
      "bloodtype": "O",
      "hasBloodCompatibleDonor": false
    },
    "74": {
      "cPRA": 0.94,
      "bloodtype": "A",
      "hasBloodCompatibleDonor": false
    },
    "75": {
      "cPRA": 0,
      "bloodtype": "A",
      "hasBloodCompatibleDonor": true
    },
    "76": {
      "cPRA": 0.91,
      "bloodtype": "O",
      "hasBloodCompatibleDonor": false
    },
    "77": {
      "cPRA": 1,
      "bloodtype": "B",
      "hasBloodCompatibleDonor": true
    },
    "78": {
      "cPRA": 0,
      "bloodtype": "A",
      "hasBloodCompatibleDonor": false
    },
    "79": {
      "cPRA": 1,
      "bloodtype": "O",
      "hasBloodCompatibleDonor": false
    },
    "80": {
      "cPRA": 0.790239414321926,
      "bloodtype": "O",
      "hasBloodCompatibleDonor": false
    },
    "81": {
      "cPRA": 1,
      "bloodtype": "A",
      "hasBloodCompatibleDonor": true
    },
    "82": {
      "cPRA": 1,
      "bloodtype": "A",
      "hasBloodCompatibleDonor": true
    },
    "83": {
      "cPRA": 0.98,
      "bloodtype": "A",
      "hasBloodCompatibleDonor": true
    },
    "84": {
      "cPRA": 0.99,
      "bloodtype": "O",
      "hasBloodCompatibleDonor": false
    },
    "85": {
      "cPRA": 0.98,
      "bloodtype": "A",
      "hasBloodCompatibleDonor": true
    },
    "86": {
      "cPRA": 0,
      "bloodtype": "O",
      "hasBloodCompatibleDonor": false
    },
    "87": {
      "cPRA": 0.7450421927633613,
      "bloodtype": "A",
      "hasBloodCompatibleDonor": true
    },
    "88": {
      "cPRA": 0,
      "bloodtype": "O",
      "hasBloodCompatibleDonor": true
    },
    "89": {
      "cPRA": 0.40861699650864414,
      "bloodtype": "O",
      "hasBloodCompatibleDonor": false
    },
    "90": {
      "cPRA": 1,
      "bloodtype": "O",
      "hasBloodCompatibleDonor": true
    },
    "91": {
      "cPRA": 0.99,
      "bloodtype": "A",
      "hasBloodCompatibleDonor": false
    },
    "92": {
      "cPRA": 0.4866491300219155,
      "bloodtype": "A",
      "hasBloodCompatibleDonor": true
    },
    "93": {
      "cPRA": 0.200803591080901,
      "bloodtype": "A",
      "hasBloodCompatibleDonor": true
    },
    "94": {
      "cPRA": 0.7081847278138631,
      "bloodtype": "O",
      "hasBloodCompatibleDonor": false
    },
    "95": {
      "cPRA": 0.99,
      "bloodtype": "AB",
      "hasBloodCompatibleDonor": true
    },
    "96": {
      "cPRA": 0.96,
      "bloodtype": "A",
      "hasBloodCompatibleDonor": true
    },
    "97": {
      "cPRA": 0.99,
      "bloodtype": "O",
      "hasBloodCompatibleDonor": false
    },
    "98": {
      "cPRA": 0,
      "bloodtype": "B",
      "hasBloodCompatibleDonor": false
    },
    "99": {
      "cPRA": 0,
      "bloodtype": "O",
      "hasBloodCompatibleDonor": false
    }
  }
}