{
  "data": {
    "0": {
      "sources": [
        0
      ],
      "dage": 65,
      "matches": [
        {
          "recipient": 18,
          "score": 29
        }
      ],
      "bloodtype": "B"
    },
    "1": {
      "sources": [
        1
      ],
      "dage": 36,
      "matches": [
        {
          "recipient": 0,
          "score": 23
        }
      ],
      "bloodtype": "A"
    },
    "2": {
      "sources": [
        2
      ],
      "dage": 29,
      "matches": [
        {
          "recipient": 0,
          "score": 81
        }
      ],
      "bloodtype": "A"
    },
    "3": {
      "sources": [
        3
      ],
      "dage": 46,
      "matches": [
        {
          "recipient": 0,
          "score": 13
        },
        {
          "recipient": 16,
          "score": 55
        },
        {
          "recipient": 18,
          "score": 81
        },
        {
          "recipient": 19,
          "score": 76
        },
        {
          "recipient": 26,
          "score": 20
        },
        {
          "recipient": 27,
          "score": 21
        },
        {
          "recipient": 35,
          "score": 38
        },
        {
          "recipient": 43,
          "score": 23
        },
        {
          "recipient": 44,
          "score": 13
        },
        {
          "recipient": 49,
          "score": 23
        }
      ],
      "bloodtype": "O"
    },
    "4": {
      "sources": [
        4
      ],
      "dage": 53,
      "bloodtype": "A"
    },
    "5": {
      "sources": [
        5
      ],
      "dage": 21,
      "matches": [
        {
          "recipient": 0,
          "score": 14
        }
      ],
      "bloodtype": "A"
    },
    "6": {
      "sources": [
        6
      ],
      "dage": 29,
      "matches": [
        {
          "recipient": 12,
          "score": 49
        },
        {
          "recipient": 18,
          "score": 26
        },
        {
          "recipient": 39,
          "score": 83
        }
      ],
      "bloodtype": "B"
    },
    "7": {
      "sources": [
        7
      ],
      "dage": 52,
      "bloodtype": "A"
    },
    "8": {
      "sources": [
        8
      ],
      "dage": 54,
      "matches": [
        {
          "recipient": 0,
          "score": 72
        },
        {
          "recipient": 16,
          "score": 22
        }
      ],
      "bloodtype": "A"
    },
    "9": {
      "sources": [
        9
      ],
      "dage": 43,
      "matches": [
        {
          "recipient": 16,
          "score": 10
        },
        {
          "recipient": 45,
          "score": 7
        }
      ],
      "bloodtype": "A"
    },
    "10": {
      "sources": [
        10
      ],
      "dage": 63,
      "matches": [
        {
          "recipient": 16,
          "score": 18
        },
        {
          "recipient": 19,
          "score": 13
        },
        {
          "recipient": 26,
          "score": 2
        },
        {
          "recipient": 30,
          "score": 88
        },
        {
          "recipient": 41,
          "score": 12
        },
        {
          "recipient": 43,
          "score": 2
        },
        {
          "recipient": 44,
          "score": 56
        }
      ],
      "bloodtype": "O"
    },
    "11": {
      "sources": [
        11
      ],
      "dage": 68,
      "bloodtype": "A"
    },
    "12": {
      "sources": [
        12
      ],
      "dage": 53,
      "bloodtype": "AB"
    },
    "13": {
      "sources": [
        13
      ],
      "dage": 44,
      "matches": [
        {
          "recipient": 8,
          "score": 89
        }
      ],
      "bloodtype": "A"
    },
    "14": {
      "sources": [
        14
      ],
      "dage": 36,
      "matches": [
        {
          "recipient": 2,
          "score": 85
        },
        {
          "recipient": 15,
          "score": 35
        },
        {
          "recipient": 19,
          "score": 84
        },
        {
          "recipient": 26,
          "score": 57
        },
        {
          "recipient": 27,
          "score": 76
        },
        {
          "recipient": 30,
          "score": 64
        },
        {
          "recipient": 34,
          "score": 24
        },
        {
          "recipient": 43,
          "score": 19
        },
        {
          "recipient": 44,
          "score": 26
        },
        {
          "recipient": 49,
          "score": 12
        }
      ],
      "bloodtype": "O"
    },
    "15": {
      "sources": [
        15
      ],
      "dage": 25,
      "bloodtype": "A"
    },
    "16": {
      "sources": [
        16
      ],
      "dage": 37,
      "matches": [
        {
          "recipient": 0,
          "score": 88
        }
      ],
      "bloodtype": "A"
    },
    "17": {
      "sources": [
        17
      ],
      "dage": 48,
      "matches": [
        {
          "recipient": 4,
          "score": 45
        },
        {
          "recipient": 6,
          "score": 19
        },
        {
          "recipient": 15,
          "score": 12
        },
        {
          "recipient": 16,
          "score": 59
        },
        {
          "recipient": 19,
          "score": 49
        },
        {
          "recipient": 22,
          "score": 3
        },
        {
          "recipient": 25,
          "score": 78
        },
        {
          "recipient": 32,
          "score": 69
        },
        {
          "recipient": 41,
          "score": 87
        },
        {
          "recipient": 43,
          "score": 79
        },
        {
          "recipient": 44,
          "score": 62
        }
      ],
      "bloodtype": "O"
    },
    "18": {
      "sources": [
        18
      ],
      "dage": 21,
      "matches": [
        {
          "recipient": 0,
          "score": 11
        },
        {
          "recipient": 7,
          "score": 76
        },
        {
          "recipient": 16,
          "score": 12
        },
        {
          "recipient": 19,
          "score": 34
        },
        {
          "recipient": 26,
          "score": 38
        },
        {
          "recipient": 27,
          "score": 41
        },
        {
          "recipient": 34,
          "score": 38
        },
        {
          "recipient": 41,
          "score": 7
        },
        {
          "recipient": 42,
          "score": 78
        },
        {
          "recipient": 44,
          "score": 70
        }
      ],
      "bloodtype": "O"
    },
    "19": {
      "sources": [
        19
      ],
      "dage": 25,
      "bloodtype": "A"
    },
    "20": {
      "sources": [
        20
      ],
      "dage": 20,
      "matches": [
        {
          "recipient": 43,
          "score": 48
        }
      ],
      "bloodtype": "B"
    },
    "21": {
      "sources": [
        21
      ],
      "dage": 33,
      "matches": [
        {
          "recipient": 0,
          "score": 34
        },
        {
          "recipient": 4,
          "score": 42
        },
        {
          "recipient": 15,
          "score": 33
        },
        {
          "recipient": 19,
          "score": 78
        },
        {
          "recipient": 26,
          "score": 67
        },
        {
          "recipient": 34,
          "score": 53
        },
        {
          "recipient": 43,
          "score": 52
        },
        {
          "recipient": 44,
          "score": 58
        }
      ],
      "bloodtype": "O"
    },
    "22": {
      "sources": [
        22
      ],
      "dage": 43,
      "matches": [
        {
          "recipient": 0,
          "score": 22
        },
        {
          "recipient": 12,
          "score": 21
        },
        {
          "recipient": 15,
          "score": 19
        },
        {
          "recipient": 19,
          "score": 19
        },
        {
          "recipient": 26,
          "score": 9
        },
        {
          "recipient": 44,
          "score": 79
        }
      ],
      "bloodtype": "O"
    },
    "23": {
      "sources": [
        23
      ],
      "dage": 64,
      "matches": [
        {
          "recipient": 0,
          "score": 50
        }
      ],
      "bloodtype": "A"
    },
    "24": {
      "sources": [
        24
      ],
      "dage": 56,
      "matches": [
        {
          "recipient": 16,
          "score": 72
        }
      ],
      "bloodtype": "A"
    },
    "25": {
      "sources": [
        25
      ],
      "dage": 44,
      "matches": [
        {
          "recipient": 16,
          "score": 23
        }
      ],
      "bloodtype": "A"
    },
    "26": {
      "sources": [
        26
      ],
      "dage": 54,
      "matches": [
        {
          "recipient": 0,
          "score": 87
        },
        {
          "recipient": 16,
          "score": 55
        }
      ],
      "bloodtype": "A"
    },
    "27": {
      "sources": [
        27
      ],
      "dage": 53,
      "matches": [
        {
          "recipient": 0,
          "score": 6
        }
      ],
      "bloodtype": "A"
    },
    "28": {
      "sources": [
        28
      ],
      "dage": 60,
      "matches": [
        {
          "recipient": 12,
          "score": 72
        },
        {
          "recipient": 43,
          "score": 1
        }
      ],
      "bloodtype": "B"
    },
    "29": {
      "sources": [
        29
      ],
      "dage": 32,
      "bloodtype": "B"
    },
    "30": {
      "sources": [
        30
      ],
      "dage": 41,
      "bloodtype": "AB"
    },
    "31": {
      "sources": [
        31
      ],
      "dage": 32,
      "matches": [
        {
          "recipient": 0,
          "score": 35
        },
        {
          "recipient": 16,
          "score": 15
        }
      ],
      "bloodtype": "A"
    },
    "32": {
      "sources": [
        32
      ],
      "dage": 25,
      "bloodtype": "A"
    },
    "33": {
      "sources": [
        33
      ],
      "dage": 51,
      "matches": [
        {
          "recipient": 0,
          "score": 3
        },
        {
          "recipient": 15,
          "score": 16
        },
        {
          "recipient": 19,
          "score": 28
        },
        {
          "recipient": 26,
          "score": 27
        },
        {
          "recipient": 27,
          "score": 72
        },
        {
          "recipient": 30,
          "score": 49
        },
        {
          "recipient": 32,
          "score": 14
        },
        {
          "recipient": 34,
          "score": 68
        },
        {
          "recipient": 44,
          "score": 69
        },
        {
          "recipient": 48,
          "score": 78
        }
      ],
      "bloodtype": "O"
    },
    "34": {
      "sources": [
        34
      ],
      "dage": 60,
      "bloodtype": "A"
    },
    "35": {
      "sources": [
        35
      ],
      "dage": 48,
      "bloodtype": "A"
    },
    "36": {
      "sources": [
        36
      ],
      "dage": 49,
      "bloodtype": "A"
    },
    "37": {
      "sources": [
        37
      ],
      "dage": 42,
      "bloodtype": "A"
    },
    "38": {
      "sources": [
        38
      ],
      "dage": 60,
      "matches": [
        {
          "recipient": 6,
          "score": 25
        },
        {
          "recipient": 12,
          "score": 75
        },
        {
          "recipient": 15,
          "score": 56
        },
        {
          "recipient": 16,
          "score": 31
        },
        {
          "recipient": 19,
          "score": 27
        },
        {
          "recipient": 25,
          "score": 74
        },
        {
          "recipient": 26,
          "score": 27
        },
        {
          "recipient": 43,
          "score": 37
        },
        {
          "recipient": 44,
          "score": 37
        }
      ],
      "bloodtype": "O"
    },
    "39": {
      "sources": [
        39
      ],
      "dage": 57,
      "bloodtype": "B"
    },
    "40": {
      "sources": [
        40
      ],
      "dage": 34,
      "matches": [
        {
          "recipient": 43,
          "score": 28
        }
      ],
      "bloodtype": "B"
    },
    "41": {
      "sources": [
        41
      ],
      "dage": 61,
      "matches": [
        {
          "recipient": 0,
          "score": 69
        }
      ],
      "bloodtype": "A"
    },
    "42": {
      "sources": [
        42
      ],
      "dage": 31,
      "matches": [
        {
          "recipient": 8,
          "score": 19
        },
        {
          "recipient": 16,
          "score": 39
        }
      ],
      "bloodtype": "A"
    },
    "43": {
      "sources": [
        43
      ],
      "dage": 46,
      "bloodtype": "A"
    },
    "44": {
      "sources": [
        44
      ],
      "dage": 28,
      "bloodtype": "A"
    },
    "45": {
      "sources": [
        45
      ],
      "dage": 63,
      "matches": [
        {
          "recipient": 16,
          "score": 4
        }
      ],
      "bloodtype": "A"
    },
    "46": {
      "sources": [
        46
      ],
      "dage": 53,
      "matches": [
        {
          "recipient": 0,
          "score": 17
        },
        {
          "recipient": 6,
          "score": 51
        },
        {
          "recipient": 12,
          "score": 56
        },
        {
          "recipient": 19,
          "score": 54
        },
        {
          "recipient": 26,
          "score": 32
        },
        {
          "recipient": 27,
          "score": 39
        },
        {
          "recipient": 30,
          "score": 72
        },
        {
          "recipient": 32,
          "score": 80
        },
        {
          "recipient": 34,
          "score": 61
        },
        {
          "recipient": 40,
          "score": 7
        },
        {
          "recipient": 44,
          "score": 81
        },
        {
          "recipient": 48,
          "score": 90
        },
        {
          "recipient": 49,
          "score": 52
        }
      ],
      "bloodtype": "O"
    },
    "47": {
      "sources": [
        47
      ],
      "dage": 46,
      "matches": [
        {
          "recipient": 16,
          "score": 85
        }
      ],
      "bloodtype": "A"
    },
    "48": {
      "sources": [
        48
      ],
      "dage": 38,
      "matches": [
        {
          "recipient": 0,
          "score": 7
        },
        {
          "recipient": 16,
          "score": 77
        }
      ],
      "bloodtype": "A"
    },
    "49": {
      "sources": [
        49
      ],
      "dage": 59,
      "bloodtype": "A"
    },
    "50": {
      "altruistic": true,
      "dage": 42,
      "matches": [
        {
          "recipient": 43,
          "score": 77
        }
      ],
      "bloodtype": "B"
    },
    "51": {
      "altruistic": true,
      "dage": 50,
      "matches": [
        {
          "recipient": 19,
          "score": 42
        },
        {
          "recipient": 26,
          "score": 9
        },
        {
          "recipient": 27,
          "score": 65
        },
        {
          "recipient": 30,
          "score": 90
        },
        {
          "recipient": 34,
          "score": 22
        },
        {
          "recipient": 44,
          "score": 2
        }
      ],
      "bloodtype": "O"
    }
  },
  "recipients": {
    "0": {
      "cPRA": 0,
      "bloodtype": "A",
      "hasBloodCompatibleDonor": false
    },
    "1": {
      "cPRA": 1,
      "bloodtype": "A",
      "hasBloodCompatibleDonor": true
    },
    "2": {
      "cPRA": 0.6866383185457108,
      "bloodtype": "O",
      "hasBloodCompatibleDonor": false
    },
    "3": {
      "cPRA": 0.99,
      "bloodtype": "A",
      "hasBloodCompatibleDonor": true
    },
    "4": {
      "cPRA": 0.99,
      "bloodtype": "O",
      "hasBloodCompatibleDonor": false
    },
    "5": {
      "cPRA": 0.92,
      "bloodtype": "O",
      "hasBloodCompatibleDonor": false
    },
    "6": {
      "cPRA": 0.97,
      "bloodtype": "B",
      "hasBloodCompatibleDonor": true
    },
    "7": {
      "cPRA": 0.99,
      "bloodtype": "O",
      "hasBloodCompatibleDonor": false
    },
    "8": {
      "cPRA": 0.95,
      "bloodtype": "A",
      "hasBloodCompatibleDonor": true
    },
    "9": {
      "cPRA": 1,
      "bloodtype": "A",
      "hasBloodCompatibleDonor": true
    },
    "10": {
      "cPRA": 1,
      "bloodtype": "B",
      "hasBloodCompatibleDonor": true
    },
    "11": {
      "cPRA": 0.94,
      "bloodtype": "O",
      "hasBloodCompatibleDonor": false
    },
    "12": {
      "cPRA": 0.6524152045817608,
      "bloodtype": "B",
      "hasBloodCompatibleDonor": false
    },
    "13": {
      "cPRA": 1,
      "bloodtype": "O",
      "hasBloodCompatibleDonor": false
    },
    "14": {
      "cPRA": 0.97,
      "bloodtype": "O",
      "hasBloodCompatibleDonor": true
    },
    "15": {
      "cPRA": 0.07804761508694501,
      "bloodtype": "O",
      "hasBloodCompatibleDonor": false
    },
    "16": {
      "cPRA": 0.3543043815603521,
      "bloodtype": "A",
      "hasBloodCompatibleDonor": true
    },
    "17": {
      "cPRA": 1,
      "bloodtype": "O",
      "hasBloodCompatibleDonor": true
    },
    "18": {
      "cPRA": 0,
      "bloodtype": "B",
      "hasBloodCompatibleDonor": true
    },
    "19": {
      "cPRA": 0,
      "bloodtype": "O",
      "hasBloodCompatibleDonor": false
    },
    "20": {
      "cPRA": 0,
      "bloodtype": "O",
      "hasBloodCompatibleDonor": false
    },
    "21": {
      "cPRA": 1,
      "bloodtype": "O",
      "hasBloodCompatibleDonor": true
    },
    "22": {
      "cPRA": 0.7167664297505222,
      "bloodtype": "O",
      "hasBloodCompatibleDonor": true
    },
    "23": {
      "cPRA": 1,
      "bloodtype": "A",
      "hasBloodCompatibleDonor": true
    },
    "24": {
      "cPRA": 0.94,
      "bloodtype": "O",
      "hasBloodCompatibleDonor": false
    },
    "25": {
      "cPRA": 0.8419726069232087,
      "bloodtype": "O",
      "hasBloodCompatibleDonor": false
    },
    "26": {
      "cPRA": 0,
      "bloodtype": "O",
      "hasBloodCompatibleDonor": false
    },
    "27": {
      "cPRA": 0.34210189506165306,
      "bloodtype": "O",
      "hasBloodCompatibleDonor": false
    },
    "28": {
      "cPRA": 0.99,
      "bloodtype": "B",
      "hasBloodCompatibleDonor": true
    },
    "29": {
      "cPRA": 1,
      "bloodtype": "B",
      "hasBloodCompatibleDonor": true
    },
    "30": {
      "cPRA": 0.04599474232527109,
      "bloodtype": "O",
      "hasBloodCompatibleDonor": false
    },
    "31": {
      "cPRA": 0.99,
      "bloodtype": "O",
      "hasBloodCompatibleDonor": false
    },
    "32": {
      "cPRA": 0.47770300521384407,
      "bloodtype": "O",
      "hasBloodCompatibleDonor": false
    },
    "33": {
      "cPRA": 1,
      "bloodtype": "O",
      "hasBloodCompatibleDonor": true
    },
    "34": {
      "cPRA": 0,
      "bloodtype": "O",
      "hasBloodCompatibleDonor": false
    },
    "35": {
      "cPRA": 0.7446834016245535,
      "bloodtype": "O",
      "hasBloodCompatibleDonor": false
    },
    "36": {
      "cPRA": 0,
      "bloodtype": "O",
      "hasBloodCompatibleDonor": false
    },
    "37": {
      "cPRA": 0.99,
      "bloodtype": "O",
      "hasBloodCompatibleDonor": false
    },
    "38": {
      "cPRA": 0.99,
      "bloodtype": "A",
      "hasBloodCompatibleDonor": true
    },
    "39": {
      "cPRA": 0.99,
      "bloodtype": "AB",
      "hasBloodCompatibleDonor": true
    },
    "40": {
      "cPRA": 0.92,
      "bloodtype": "O",
      "hasBloodCompatibleDonor": false
    },
    "41": {
      "cPRA": 0.7498330691741536,
      "bloodtype": "O",
      "hasBloodCompatibleDonor": false
    },
    "42": {
      "cPRA": 0,
      "bloodtype": "O",
      "hasBloodCompatibleDonor": false
    },
    "43": {
      "cPRA": 0.3671156069641755,
      "bloodtype": "B",
      "hasBloodCompatibleDonor": false
    },
    "44": {
      "cPRA": 0,
      "bloodtype": "O",
      "hasBloodCompatibleDonor": false
    },
    "45": {
      "cPRA": 0.99,
      "bloodtype": "A",
      "hasBloodCompatibleDonor": true
    },
    "46": {
      "cPRA": 1,
      "bloodtype": "O",
      "hasBloodCompatibleDonor": true
    },
    "47": {
      "cPRA": 0.99,
      "bloodtype": "A",
      "hasBloodCompatibleDonor": true
    },
    "48": {
      "cPRA": 0.8802772892549084,
      "bloodtype": "O",
      "hasBloodCompatibleDonor": false
    },
    "49": {
      "cPRA": 0,
      "bloodtype": "O",
      "hasBloodCompatibleDonor": false
    }
  }
}