{
  "data": {
    "0": {
      "sources": [
        0
      ],
      "dage": 29,
      "bloodtype": "A"
    },
    "1": {
      "sources": [
        1
      ],
      "dage": 29,
      "bloodtype": "A"
    },
    "2": {
      "sources": [
        2
      ],
      "dage": 68,
      "matches": [
        {
          "recipient": 5,
          "score": 41
        },
        {
          "recipient": 7,
          "score": 48
        },
        {
          "recipient": 8,
          "score": 69
        },
        {
          "recipient": 13,
          "score": 4
        },
        {
          "recipient": 18,
          "score": 55
        },
        {
          "recipient": 22,
          "score": 56
        },
        {
          "recipient": 30,
          "score": 79
        },
        {
          "recipient": 33,
          "score": 14
        },
        {
          "recipient": 35,
          "score": 24
        },
        {
          "recipient": 43,
          "score": 35
        }
      ],
      "bloodtype": "O"
    },
    "3": {
      "sources": [
        3
      ],
      "dage": 46,
      "matches": [
        {
          "recipient": 5,
          "score": 24
        },
        {
          "recipient": 8,
          "score": 43
        },
        {
          "recipient": 25,
          "score": 70
        },
        {
          "recipient": 27,
          "score": 90
        },
        {
          "recipient": 30,
          "score": 22
        },
        {
          "recipient": 33,
          "score": 72
        },
        {
          "recipient": 43,
          "score": 81
        }
      ],
      "bloodtype": "O"
    },
    "4": {
      "sources": [
        4
      ],
      "dage": 67,
      "matches": [
        {
          "recipient": 5,
          "score": 81
        },
        {
          "recipient": 11,
          "score": 45
        },
        {
          "recipient": 12,
          "score": 72
        },
        {
          "recipient": 18,
          "score": 60
        },
        {
          "recipient": 22,
          "score": 8
        },
        {
          "recipient": 30,
          "score": 31
        },
        {
          "recipient": 31,
          "score": 12
        },
        {
          "recipient": 35,
          "score": 90
        },
        {
          "recipient": 43,
          "score": 66
        }
      ],
      "bloodtype": "O"
    },
    "5": {
      "sources": [
        5
      ],
      "dage": 37,
      "bloodtype": "B"
    },
    "6": {
      "sources": [
        6
      ],
      "dage": 19,
      "matches": [
        {
          "recipient": 39,
          "score": 15
        }
      ],
      "bloodtype": "A"
    },
    "7": {
      "sources": [
        7
      ],
      "dage": 37,
      "bloodtype": "A"
    },
    "8": {
      "sources": [
        8
      ],
      "dage": 25,
      "bloodtype": "B"
    },
    "9": {
      "sources": [
        9
      ],
      "dage": 21,
      "matches": [
        {
          "recipient": 5,
          "score": 56
        },
        {
          "recipient": 12,
          "score": 74
        },
        {
          "recipient": 17,
          "score": 88
        },
        {
          "recipient": 18,
          "score": 51
        },
        {
          "recipient": 22,
          "score": 16
        },
        {
          "recipient": 25,
          "score": 81
        },
        {
          "recipient": 27,
          "score": 5
        },
        {
          "recipient": 30,
          "score": 60
        },
        {
          "recipient": 43,
          "score": 51
        }
      ],
      "bloodtype": "O"
    },
    "10": {
      "sources": [
        10
      ],
      "dage": 57,
      "matches": [
        {
          "recipient": 4,
          "score": 9
        },
        {
          "recipient": 5,
          "score": 86
        },
        {
          "recipient": 17,
          "score": 77
        },
        {
          "recipient": 18,
          "score": 48
        },
        {
          "recipient": 22,
          "score": 72
        },
        {
          "recipient": 30,
          "score": 73
        },
        {
          "recipient": 35,
          "score": 53
        },
        {
          "recipient": 40,
          "score": 44
        },
        {
          "recipient": 43,
          "score": 64
        }
      ],
      "bloodtype": "O"
    },
    "11": {
      "sources": [
        11
      ],
      "dage": 20,
      "matches": [
        {
          "recipient": 12,
          "score": 4
        }
      ],
      "bloodtype": "A"
    },
    "12": {
      "sources": [
        12
      ],
      "dage": 63,
      "matches": [
        {
          "recipient": 4,
          "score": 15
        },
        {
          "recipient": 5,
          "score": 13
        },
        {
          "recipient": 7,
          "score": 41
        },
        {
          "recipient": 18,
          "score": 32
        },
        {
          "recipient": 22,
          "score": 21
        },
        {
          "recipient": 25,
          "score": 17
        },
        {
          "recipient": 30,
          "score": 81
        },
        {
          "recipient": 31,
          "score": 65
        },
        {
          "recipient": 33,
          "score": 71
        },
        {
          "recipient": 35,
          "score": 12
        },
        {
          "recipient": 43,
          "score": 16
        }
      ],
      "bloodtype": "O"
    },
    "13": {
      "sources": [
        13
      ],
      "dage": 59,
      "matches": [
        {
          "recipient": 12,
          "score": 48
        }
      ],
      "bloodtype": "A"
    },
    "14": {
      "sources": [
        14
      ],
      "dage": 53,
      "matches": [
        {
          "recipient": 3,
          "score": 52
        },
        {
          "recipient": 5,
          "score": 10
        },
        {
          "recipient": 18,
          "score": 53
        },
        {
          "recipient": 22,
          "score": 45
        },
        {
          "recipient": 30,
          "score": 31
        },
        {
          "recipient": 31,
          "score": 5
        },
        {
          "recipient": 32,
          "score": 72
        },
        {
          "recipient": 33,
          "score": 14
        },
        {
          "recipient": 35,
          "score": 59
        },
        {
          "recipient": 43,
          "score": 50
        }
      ],
      "bloodtype": "O"
    },
    "15": {
      "sources": [
        15
      ],
      "dage": 68,
      "bloodtype": "A"
    },
    "16": {
      "sources": [
        16
      ],
      "dage": 55,
      "matches": [
        {
          "recipient": 3,
          "score": 20
        },
        {
          "recipient": 5,
          "score": 23
        },
        {
          "recipient": 18,
          "score": 1
        },
        {
          "recipient": 25,
          "score": 25
        },
        {
          "recipient": 28,
          "score": 3
        },
        {
          "recipient": 30,
          "score": 52
        },
        {
          "recipient": 33,
          "score": 58
        }
      ],
      "bloodtype": "O"
    },
    "17": {
      "sources": [
        17
      ],
      "dage": 68,
      "bloodtype": "A"
    },
    "18": {
      "sources": [
        18
      ],
      "dage": 39,
      "bloodtype": "A"
    },
    "19": {
      "sources": [
        19
      ],
      "dage": 31,
      "bloodtype": "A"
    },
    "20": {
      "sources": [
        20
      ],
      "dage": 56,
      "bloodtype": "B"
    },
    "21": {
      "sources": [
        21
      ],
      "dage": 41,
      "matches": [
        {
          "recipient": 12,
          "score": 80
        }
      ],
      "bloodtype": "A"
    },
    "22": {
      "sources": [
        22
      ],
      "dage": 20,
      "bloodtype": "B"
    },
    "23": {
      "sources": [
        23
      ],
      "dage": 67,
      "matches": [
        {
          "recipient": 12,
          "score": 65
        }
      ],
      "bloodtype": "A"
    },
    "24": {
      "sources": [
        24
      ],
      "dage": 24,
      "bloodtype": "B"
    },
    "25": {
      "sources": [
        25
      ],
      "dage": 31,
      "bloodtype": "A"
    },
    "26": {
      "sources": [
        26
      ],
      "dage": 19,
      "bloodtype": "B"
    },
    "27": {
      "sources": [
        27
      ],
      "dage": 32,
      "matches": [
        {
          "recipient": 23,
          "score": 40
        }
      ],
      "bloodtype": "A"
    },
    "28": {
      "sources": [
        28
      ],
      "dage": 49,
      "bloodtype": "A"
    },
    "29": {
      "sources": [
        29
      ],
      "dage": 30,
      "matches": [
        {
          "recipient": 0,
          "score": 31
        },
        {
          "recipient": 5,
          "score": 76
        },
        {
          "recipient": 13,
          "score": 43
        },
        {
          "recipient": 18,
          "score": 77
        },
        {
          "recipient": 22,
          "score": 52
        },
        {
          "recipient": 27,
          "score": 23
        },
        {
          "recipient": 30,
          "score": 68
        },
        {
          "recipient": 33,
          "score": 10
        },
        {
          "recipient": 35,
          "score": 12
        },
        {
          "recipient": 43,
          "score": 60
        }
      ],
      "bloodtype": "O"
    },
    "30": {
      "sources": [
        30
      ],
      "dage": 34,
      "bloodtype": "B"
    },
    "31": {
      "sources": [
        31
      ],
      "dage": 54,
      "matches": [
        {
          "recipient": 12,
          "score": 75
        }
      ],
      "bloodtype": "A"
    },
    "32": {
      "sources": [
        32
      ],
      "dage": 60,
      "matches": [
        {
          "recipient": 4,
          "score": 63
        },
        {
          "recipient": 5,
          "score": 69
        },
        {
          "recipient": 11,
          "score": 41
        },
        {
          "recipient": 18,
          "score": 38
        },
        {
          "recipient": 22,
          "score": 29
        },
        {
          "recipient": 30,
          "score": 6
        },
        {
          "recipient": 33,
          "score": 81
        },
        {
          "recipient": 35,
          "score": 71
        },
        {
          "recipient": 43,
          "score": 20
        }
      ],
      "bloodtype": "O"
    },
    "33": {
      "sources": [
        33
      ],
      "dage": 29,
      "matches": [
        {
          "recipient": 12,
          "score": 64
        }
      ],
      "bloodtype": "A"
    },
    "34": {
      "sources": [
        34
      ],
      "dage": 39,
      "bloodtype": "A"
    },
    "35": {
      "sources": [
        35
      ],
      "dage": 25,
      "bloodtype": "A"
    },
    "36": {
      "sources": [
        36
      ],
      "dage": 32,
      "bloodtype": "A"
    },
    "37": {
      "sources": [
        37
      ],
      "dage": 51,
      "matches": [
        {
          "recipient": 5,
          "score": 9
        },
        {
          "recipient": 12,
          "score": 90
        },
        {
          "recipient": 13,
          "score": 28
        },
        {
          "recipient": 18,
          "score": 61
        },
        {
          "recipient": 22,
          "score": 77
        },
        {
          "recipient": 25,
          "score": 31
        },
        {
          "recipient": 30,
          "score": 35
        },
        {
          "recipient": 31,
          "score": 82
        },
        {
          "recipient": 43,
          "score": 69
        }
      ],
      "bloodtype": "O"
    },
    "38": {
      "sources": [
        38
      ],
      "dage": 27,
      "matches": [
        {
          "recipient": 5,
          "score": 17
        },
        {
          "recipient": 11,
          "score": 14
        },
        {
          "recipient": 12,
          "score": 83
        },
        {
          "recipient": 13,
          "score": 6
        },
        {
          "recipient": 18,
          "score": 89
        },
        {
          "recipient": 22,
          "score": 86
        },
        {
          "recipient": 25,
          "score": 40
        },
        {
          "recipient": 27,
          "score": 23
        },
        {
          "recipient": 28,
          "score": 5
        },
        {
          "recipient": 30,
          "score": 79
        },
        {
          "recipient": 31,
          "score": 6
        },
        {
          "recipient": 35,
          "score": 63
        },
        {
          "recipient": 40,
          "score": 56
        },
        {
          "recipient": 42,
          "score": 34
        }
      ],
      "bloodtype": "O"
    },
    "39": {
      "sources": [
        39
      ],
      "dage": 37,
      "matches": [
        {
          "recipient": 14,
          "score": 12
        }
      ],
      "bloodtype": "A"
    },
    "40": {
      "sources": [
        40
      ],
      "dage": 63,
      "bloodtype": "B"
    },
    "41": {
      "sources": [
        41
      ],
      "dage": 20,
      "bloodtype": "B"
    },
    "42": {
      "sources": [
        42
      ],
      "dage": 58,
      "bloodtype": "A"
    },
    "43": {
      "sources": [
        43
      ],
      "dage": 50,
      "matches": [
        {
          "recipient": 21,
          "score": 88
        }
      ],
      "bloodtype": "A"
    },
    "44": {
      "sources": [
        44
      ],
      "dage": 18,
      "matches": [
        {
          "recipient": 0,
          "score": 41
        },
        {
          "recipient": 5,
          "score": 33
        },
        {
          "recipient": 18,
          "score": 48
        },
        {
          "recipient": 22,
          "score": 39
        },
        {
          "recipient": 28,
          "score": 71
        },
        {
          "recipient": 30,
          "score": 11
        },
        {
          "recipient": 31,
          "score": 80
        },
        {
          "recipient": 35,
          "score": 54
        },
        {
          "recipient": 39,
          "score": 38
        },
        {
          "recipient": 43,
          "score": 49
        }
      ],
      "bloodtype": "O"
    },
    "45": {
      "sources": [
        45
      ],
      "dage": 28,
      "matches": [
        {
          "recipient": 5,
          "score": 17
        },
        {
          "recipient": 11,
          "score": 79
        },
        {
          "recipient": 18,
          "score": 27
        },
        {
          "recipient": 22,
          "score": 9
        },
        {
          "recipient": 25,
          "score": 27
        },
        {
          "recipient": 33,
          "score": 43
        },
        {
          "recipient": 35,
          "score": 52
        },
        {
          "recipient": 40,
          "score": 66
        }
      ],
      "bloodtype": "O"
    },
    "46": {
      "sources": [
        46
      ],
      "dage": 39,
      "matches": [
        {
          "recipient": 5,
          "score": 81
        },
        {
          "recipient": 12,
          "score": 33
        },
        {
          "recipient": 18,
          "score": 23
        },
        {
          "recipient": 20,
          "score": 12
        },
        {
          "recipient": 22,
          "score": 38
        },
        {
          "recipient": 30,
          "score": 69
        },
        {
          "recipient": 35,
          "score": 69
        },
        {
          "recipient": 43,
          "score": 56
        }
      ],
      "bloodtype": "O"
    },
    "47": {
      "sources": [
        47
      ],
      "dage": 56,
      "matches": [
        {
          "recipient": 6,
          "score": 79
        }
      ],
      "bloodtype": "A"
    },
    "48": {
      "sources": [
        48
      ],
      "dage": 64,
      "matches": [
        {
          "recipient": 5,
          "score": 5
        },
        {
          "recipient": 11,
          "score": 64
        },
        {
          "recipient": 18,
          "score": 2
        },
        {
          "recipient": 30,
          "score": 86
        },
        {
          "recipient": 31,
          "score": 66
        },
        {
          "recipient": 33,
          "score": 46
        },
        {
          "recipient": 35,
          "score": 79
        },
        {
          "recipient": 43,
          "score": 18
        }
      ],
      "bloodtype": "O"
    },
    "49": {
      "sources": [
        49
      ],
      "dage": 43,
      "matches": [
        {
          "recipient": 5,
          "score": 71
        },
        {
          "recipient": 12,
          "score": 3
        },
        {
          "recipient": 18,
          "score": 60
        },
        {
          "recipient": 22,
          "score": 61
        },
        {
          "recipient": 30,
          "score": 73
        },
        {
          "recipient": 31,
          "score": 24
        },
        {
          "recipient": 33,
          "score": 20
        }
      ],
      "bloodtype": "O"
    },
    "50": {
      "altruistic": true,
      "dage": 18,
      "matches": [
        {
          "recipient": 5,
          "score": 68
        },
        {
          "recipient": 17,
          "score": 33
        },
        {
          "recipient": 18,
          "score": 26
        },
        {
          "recipient": 22,
          "score": 30
        },
        {
          "recipient": 30,
          "score": 69
        },
        {
          "recipient": 31,
          "score": 42
        },
        {
          "recipient": 35,
          "score": 69
        },
        {
          "recipient": 40,
          "score": 39
        },
        {
          "recipient": 42,
          "score": 71
        }
      ],
      "bloodtype": "O"
    },
    "51": {
      "altruistic": true,
      "dage": 24,
      "matches": [
        {
          "recipient": 5,
          "score": 64
        },
        {
          "recipient": 18,
          "score": 69
        },
        {
          "recipient": 22,
          "score": 68
        },
        {
          "recipient": 27,
          "score": 65
        },
        {
          "recipient": 30,
          "score": 5
        },
        {
          "recipient": 33,
          "score": 52
        },
        {
          "recipient": 40,
          "score": 67
        }
      ],
      "bloodtype": "O"
    }
  },
  "recipients": {
    "0": {
      "cPRA": 0.92,
      "bloodtype": "O",
      "hasBloodCompatibleDonor": false
    },
    "1": {
      "cPRA": 1,
      "bloodtype": "O",
      "hasBloodCompatibleDonor": false
    },
    "2": {
      "cPRA": 0.97,
      "bloodtype": "O",
      "hasBloodCompatibleDonor": true
    },
    "3": {
      "cPRA": 0.93,
      "bloodtype": "O",
      "hasBloodCompatibleDonor": true
    },
    "4": {
      "cPRA": 0.8971859035403412,
      "bloodtype": "O",
      "hasBloodCompatibleDonor": true
    },
    "5": {
      "cPRA": 0,
      "bloodtype": "O",
      "hasBloodCompatibleDonor": false
    },
    "6": {
      "cPRA": 0.95,
      "bloodtype": "A",
      "hasBloodCompatibleDonor": true
    },
    "7": {
      "cPRA": 0.7846906398795732,
      "bloodtype": "O",
      "hasBloodCompatibleDonor": false
    },
    "8": {
      "cPRA": 0,
      "bloodtype": "O",
      "hasBloodCompatibleDonor": false
    },
    "9": {
      "cPRA": 1,
      "bloodtype": "A",
      "hasBloodCompatibleDonor": true
    },
    "10": {
      "cPRA": 0.99,
      "bloodtype": "O",
      "hasBloodCompatibleDonor": true
    },
    "11": {
      "cPRA": 0,
      "bloodtype": "O",
      "hasBloodCompatibleDonor": false
    },
    "12": {
      "cPRA": 0.6234675668061175,
      "bloodtype": "A",
      "hasBloodCompatibleDonor": true
    },
    "13": {
      "cPRA": 0.6975950441852863,
      "bloodtype": "O",
      "hasBloodCompatibleDonor": false
    },
    "14": {
      "cPRA": 1,
      "bloodtype": "A",
      "hasBloodCompatibleDonor": true
    },
    "15": {
      "cPRA": 0.98,
      "bloodtype": "A",
      "hasBloodCompatibleDonor": true
    },
    "16": {
      "cPRA": 0.98,
      "bloodtype": "O",
      "hasBloodCompatibleDonor": true
    },
    "17": {
      "cPRA": 0.92,
      "bloodtype": "O",
      "hasBloodCompatibleDonor": false
    },
    "18": {
      "cPRA": 0,
      "bloodtype": "O",
      "hasBloodCompatibleDonor": false
    },
    "19": {
      "cPRA": 0.99,
      "bloodtype": "O",
      "hasBloodCompatibleDonor": false
    },
    "20": {
      "cPRA": 0.98,
      "bloodtype": "O",
      "hasBloodCompatibleDonor": false
    },
    "21": {
      "cPRA": 0.97,
      "bloodtype": "A",
      "hasBloodCompatibleDonor": true
    },
    "22": {
      "cPRA": 0,
      "bloodtype": "O",
      "hasBloodCompatibleDonor": false
    },
    "23": {
      "cPRA": 1,
      "bloodtype": "A",
      "hasBloodCompatibleDonor": true
    },
    "24": {
      "cPRA": 1,
      "bloodtype": "B",
      "hasBloodCompatibleDonor": true
    },
    "25": {
      "cPRA": 0,
      "bloodtype": "O",
      "hasBloodCompatibleDonor": false
    },
    "26": {
      "cPRA": 1,
      "bloodtype": "O",
      "hasBloodCompatibleDonor": false
    },
    "27": {
      "cPRA": 0.5660168949133737,
      "bloodtype": "O",
      "hasBloodCompatibleDonor": false
    },
    "28": {
      "cPRA": 0.6170805922239568,
      "bloodtype": "O",
      "hasBloodCompatibleDonor": false
    },
    "29": {
      "cPRA": 0.99,
      "bloodtype": "O",
      "hasBloodCompatibleDonor": true
    },
    "30": {
      "cPRA": 0,
      "bloodtype": "O",
      "hasBloodCompatibleDonor": false
    },
    "31": {
      "cPRA": 0,
      "bloodtype": "O",
      "hasBloodCompatibleDonor": false
    },
    "32": {
      "cPRA": 1,
      "bloodtype": "O",
      "hasBloodCompatibleDonor": true
    },
    "33": {
      "cPRA": 0.3154876865946557,
      "bloodtype": "O",
      "hasBloodCompatibleDonor": false
    },
    "34": {
      "cPRA": 1,
      "bloodtype": "O",
      "hasBloodCompatibleDonor": false
    },
    "35": {
      "cPRA": 0.07871373151339106,
      "bloodtype": "O",
      "hasBloodCompatibleDonor": false
    },
    "36": {
      "cPRA": 1,
      "bloodtype": "O",
      "hasBloodCompatibleDonor": false
    },
    "37": {
      "cPRA": 1,
      "bloodtype": "O",
      "hasBloodCompatibleDonor": true
    },
    "38": {
      "cPRA": 0.97,
      "bloodtype": "O",
      "hasBloodCompatibleDonor": true
    },
    "39": {
      "cPRA": 0.99,
      "bloodtype": "A",
      "hasBloodCompatibleDonor": true
    },
    "40": {
      "cPRA": 0.7799034374673981,
      "bloodtype": "O",
      "hasBloodCompatibleDonor": false
    },
    "41": {
      "cPRA": 0.99,
      "bloodtype": "O",
      "hasBloodCompatibleDonor": false
    },
    "42": {
      "cPRA": 0.8791943000560579,
      "bloodtype": "O",
      "hasBloodCompatibleDonor": false
    },
    "43": {
      "cPRA": 0.024478819160480593,
      "bloodtype": "O",
      "hasBloodCompatibleDonor": false
    },
    "44": {
      "cPRA": 1,
      "bloodtype": "O",
      "hasBloodCompatibleDonor": true
    },
    "45": {
      "cPRA": 1,
      "bloodtype": "A",
      "hasBloodCompatibleDonor": true
    },
    "46": {
      "cPRA": 0.99,
      "bloodtype": "B",
      "hasBloodCompatibleDonor": true
    },
    "47": {
      "cPRA": 0,
      "bloodtype": "O",
      "hasBloodCompatibleDonor": false
    },
    "48": {
      "cPRA": 0.99,
      "bloodtype": "O",
      "hasBloodCompatibleDonor": true
    },
    "49": {
      "cPRA": 1,
      "bloodtype": "O",
      "hasBloodCompatibleDonor": true
    }
  }
}