{
  "data": {
    "0": {
      "sources": [
        0
      ],
      "dage": 36,
      "matches": [
        {
          "recipient": 69,
          "score": 82
        },
        {
          "recipient": 99,
          "score": 78
        }
      ],
      "bloodtype": "B"
    },
    "1": {
      "sources": [
        1
      ],
      "dage": 28,
      "matches": [
        {
          "recipient": 0,
          "score": 40
        },
        {
          "recipient": 46,
          "score": 36
        },
        {
          "recipient": 60,
          "score": 10
        },
        {
          "recipient": 86,
          "score": 3
        }
      ],
      "bloodtype": "A"
    },
    "2": {
      "sources": [
        2
      ],
      "dage": 66,
      "matches": [
        {
          "recipient": 0,
          "score": 75
        },
        {
          "recipient": 46,
          "score": 69
        },
        {
          "recipient": 60,
          "score": 51
        }
      ],
      "bloodtype": "A"
    },
    "3": {
      "sources": [
        3
      ],
      "dage": 54,
      "matches": [
        {
          "recipient": 0,
          "score": 25
        },
        {
          "recipient": 46,
          "score": 50
        },
        {
          "recipient": 60,
          "score": 48
        }
      ],
      "bloodtype": "A"
    },
    "4": {
      "sources": [
        4
      ],
      "dage": 41,
      "matches": [
        {
          "recipient": 46,
          "score": 66
        },
        {
          "recipient": 53,
          "score": 80
        },
        {
          "recipient": 58,
          "score": 52
        },
        {
          "recipient": 60,
          "score": 72
        },
        {
          "recipient": 86,
          "score": 79
        }
      ],
      "bloodtype": "A"
    },
    "5": {
      "sources": [
        5
      ],
      "dage": 29,
      "matches": [
        {
          "recipient": 0,
          "score": 53
        },
        {
          "recipient": 20,
          "score": 22
        },
        {
          "recipient": 21,
          "score": 54
        },
        {
          "recipient": 34,
          "score": 44
        },
        {
          "recipient": 39,
          "score": 75
        },
        {
          "recipient": 42,
          "score": 44
        },
        {
          "recipient": 46,
          "score": 53
        },
        {
          "recipient": 50,
          "score": 24
        },
        {
          "recipient": 53,
          "score": 27
        },
        {
          "recipient": 56,
          "score": 60
        },
        {
          "recipient": 57,
          "score": 18
        },
        {
          "recipient": 59,
          "score": 53
        },
        {
          "recipient": 60,
          "score": 65
        },
        {
          "recipient": 65,
          "score": 67
        },
        {
          "recipient": 74,
          "score": 79
        },
        {
          "recipient": 76,
          "score": 51
        },
        {
          "recipient": 78,
          "score": 54
        },
        {
          "recipient": 79,
          "score": 72
        },
        {
          "recipient": 83,
          "score": 39
        },
        {
          "recipient": 84,
          "score": 45
        },
        {
          "recipient": 85,
          "score": 86
        },
        {
          "recipient": 86,
          "score": 85
        },
        {
          "recipient": 99,
          "score": 59
        }
      ],
      "bloodtype": "O"
    },
    "6": {
      "sources": [
        6
      ],
      "dage": 36,
      "matches": [
        {
          "recipient": 0,
          "score": 74
        },
        {
          "recipient": 46,
          "score": 9
        }
      ],
      "bloodtype": "A"
    },
    "7": {
      "sources": [
        7
      ],
      "dage": 26,
      "matches": [
        {
          "recipient": 20,
          "score": 26
        },
        {
          "recipient": 24,
          "score": 44
        },
        {
          "recipient": 28,
          "score": 78
        },
        {
          "recipient": 39,
          "score": 25
        },
        {
          "recipient": 46,
          "score": 79
        },
        {
          "recipient": 50,
          "score": 40
        },
        {
          "recipient": 56,
          "score": 44
        },
        {
          "recipient": 58,
          "score": 48
        },
        {
          "recipient": 59,
          "score": 23
        },
        {
          "recipient": 60,
          "score": 6
        },
        {
          "recipient": 68,
          "score": 25
        },
        {
          "recipient": 74,
          "score": 45
        },
        {
          "recipient": 76,
          "score": 6
        },
        {
          "recipient": 86,
          "score": 68
        },
        {
          "recipient": 99,
          "score": 20
        }
      ],
      "bloodtype": "O"
    },
    "8": {
      "sources": [
        8
      ],
      "dage": 58,
      "matches": [
        {
          "recipient": 20,
          "score": 74
        },
        {
          "recipient": 28,
          "score": 78
        },
        {
          "recipient": 33,
          "score": 3
        },
        {
          "recipient": 39,
          "score": 83
        },
        {
          "recipient": 46,
          "score": 62
        },
        {
          "recipient": 49,
          "score": 50
        },
        {
          "recipient": 56,
          "score": 6
        },
        {
          "recipient": 58,
          "score": 76
        },
        {
          "recipient": 59,
          "score": 76
        },
        {
          "recipient": 60,
          "score": 58
        },
        {
          "recipient": 63,
          "score": 76
        },
        {
          "recipient": 64,
          "score": 31
        },
        {
          "recipient": 66,
          "score": 25
        },
        {
          "recipient": 68,
          "score": 33
        },
        {
          "recipient": 74,
          "score": 37
        },
        {
          "recipient": 76,
          "score": 11
        },
        {
          "recipient": 78,
          "score": 69
        },
        {
          "recipient": 83,
          "score": 3
        },
        {
          "recipient": 85,
          "score": 12
        },
        {
          "recipient": 86,
          "score": 41
        },
        {
          "recipient": 99,
          "score": 54
        }
      ],
      "bloodtype": "O"
    },
    "9": {
      "sources": [
        9
      ],
      "dage": 47,
      "matches": [
        {
          "recipient": 0,
          "score": 32
        },
        {
          "recipient": 46,
          "score": 86
        },
        {
          "recipient": 60,
          "score": 90
        },
        {
          "recipient": 67,
          "score": 59
        }
      ],
      "bloodtype": "A"
    },
    "10": {
      "sources": [
        10
      ],
      "dage": 63,
      "matches": [
        {
          "recipient": 0,
          "score": 8
        },
        {
          "recipient": 19,
          "score": 26
        },
        {
          "recipient": 20,
          "score": 82
        },
        {
          "recipient": 21,
          "score": 63
        },
        {
          "recipient": 32,
          "score": 23
        },
        {
          "recipient": 39,
          "score": 77
        },
        {
          "recipient": 46,
          "score": 25
        },
        {
          "recipient": 53,
          "score": 59
        },
        {
          "recipient": 55,
          "score": 41
        },
        {
          "recipient": 56,
          "score": 32
        },
        {
          "recipient": 57,
          "score": 84
        },
        {
          "recipient": 58,
          "score": 20
        },
        {
          "recipient": 59,
          "score": 82
        },
        {
          "recipient": 60,
          "score": 36
        },
        {
          "recipient": 68,
          "score": 6
        },
        {
          "recipient": 75,
          "score": 21
        },
        {
          "recipient": 76,
          "score": 45
        },
        {
          "recipient": 78,
          "score": 37
        },
        {
          "recipient": 84,
          "score": 65
        },
        {
          "recipient": 85,
          "score": 3
        },
        {
          "recipient": 86,
          "score": 38
        },
        {
          "recipient": 99,
          "score": 7
        }
      ],
      "bloodtype": "O"
    },
    "11": {
      "sources": [
        11
      ],
      "dage": 32,
      "matches": [
        {
          "recipient": 99,
          "score": 56
        }
      ],
      "bloodtype": "B"
    },
    "12": {
      "sources": [
        12
      ],
      "dage": 35,
      "matches": [
        {
          "recipient": 18,
          "score": 70
        },
        {
          "recipient": 20,
          "score": 44
        },
        {
          "recipient": 21,
          "score": 4
        },
        {
          "recipient": 28,
          "score": 79
        },
        {
          "recipient": 39,
          "score": 71
        },
        {
          "recipient": 46,
          "score": 60
        },
        {
          "recipient": 55,
          "score": 89
        },
        {
          "recipient": 56,
          "score": 44
        },
        {
          "recipient": 58,
          "score": 10
        },
        {
          "recipient": 59,
          "score": 86
        },
        {
          "recipient": 60,
          "score": 58
        },
        {
          "recipient": 69,
          "score": 86
        },
        {
          "recipient": 74,
          "score": 64
        },
        {
          "recipient": 76,
          "score": 76
        },
        {
          "recipient": 78,
          "score": 24
        },
        {
          "recipient": 83,
          "score": 88
        },
        {
          "recipient": 84,
          "score": 25
        },
        {
          "recipient": 85,
          "score": 8
        },
        {
          "recipient": 86,
          "score": 26
        },
        {
          "recipient": 99,
          "score": 20
        }
      ],
      "bloodtype": "O"
    },
    "13": {
      "sources": [
        13
      ],
      "dage": 34,
      "matches": [
        {
          "recipient": 0,
          "score": 54
        },
        {
          "recipient": 20,
          "score": 61
        },
        {
          "recipient": 28,
          "score": 7
        },
        {
          "recipient": 39,
          "score": 80
        },
        {
          "recipient": 43,
          "score": 18
        },
        {
          "recipient": 46,
          "score": 14
        },
        {
          "recipient": 53,
          "score": 30
        },
        {
          "recipient": 56,
          "score": 44
        },
        {
          "recipient": 60,
          "score": 66
        },
        {
          "recipient": 61,
          "score": 55
        },
        {
          "recipient": 76,
          "score": 32
        },
        {
          "recipient": 78,
          "score": 81
        },
        {
          "recipient": 83,
          "score": 34
        },
        {
          "recipient": 85,
          "score": 87
        },
        {
          "recipient": 86,
          "score": 78
        },
        {
          "recipient": 89,
          "score": 34
        }
      ],
      "bloodtype": "O"
    },
    "14": {
      "sources": [
        14
      ],
      "dage": 36,
      "matches": [
        {
          "recipient": 96,
          "score": 39
        },
        {
          "recipient": 99,
          "score": 27
        }
      ],
      "bloodtype": "B"
    },
    "15": {
      "sources": [
        15
      ],
      "dage": 26,
      "matches": [
        {
          "recipient": 0,
          "score": 43
        },
        {
          "recipient": 18,
          "score": 19
        },
        {
          "recipient": 20,
          "score": 57
        },
        {
          "recipient": 21,
          "score": 36
        },
        {
          "recipient": 25,
          "score": 45
        },
        {
          "recipient": 32,
          "score": 76
        },
        {
          "recipient": 39,
          "score": 9
        },
        {
          "recipient": 42,
          "score": 68
        },
        {
          "recipient": 46,
          "score": 36
        },
        {
          "recipient": 53,
          "score": 19
        },
        {
          "recipient": 55,
          "score": 42
        },
        {
          "recipient": 56,
          "score": 29
        },
        {
          "recipient": 59,
          "score": 11
        },
        {
          "recipient": 60,
          "score": 77
        },
        {
          "recipient": 68,
          "score": 30
        },
        {
          "recipient": 74,
          "score": 82
        },
        {
          "recipient": 76,
          "score": 58
        },
        {
          "recipient": 78,
          "score": 60
        },
        {
          "recipient": 80,
          "score": 36
        },
        {
          "recipient": 85,
          "score": 49
        }
      ],
      "bloodtype": "O"
    },
    "16": {
      "sources": [
        16
      ],
      "dage": 47,
      "matches": [
        {
          "recipient": 33,
          "score": 26
        },
        {
          "recipient": 53,
          "score": 20
        },
        {
          "recipient": 60,
          "score": 77
        },
        {
          "recipient": 86,
          "score": 75
        },
        {
          "recipient": 91,
          "score": 63
        }
      ],
      "bloodtype": "A"
    },
    "17": {
      "sources": [
        17
      ],
      "dage": 19,
      "matches": [
        {
          "recipient": 75,
          "score": 69
        }
      ],
      "bloodtype": "B"
    },
    "18": {
      "sources": [
        18
      ],
      "dage": 51,
      "matches": [
        {
          "recipient": 99,
          "score": 36
        }
      ],
      "bloodtype": "B"
    },
    "19": {
      "sources": [
        19
      ],
      "dage": 37,
      "matches": [
        {
          "recipient": 0,
          "score": 79
        },
        {
          "recipient": 46,
          "score": 22
        },
        {
          "recipient": 53,
          "score": 64
        },
        {
          "recipient": 60,
          "score": 62
        }
      ],
      "bloodtype": "A"
    },
    "20": {
      "sources": [
        20
      ],
      "dage": 23,
      "matches": [
        {
          "recipient": 75,
          "score": 88
        }
      ],
      "bloodtype": "B"
    },
    "21": {
      "sources": [
        21
      ],
      "dage": 49,
      "matches": [
        {
          "recipient": 46,
          "score": 41
        },
        {
          "recipient": 53,
          "score": 67
        },
        {
          "recipient": 60,
          "score": 53
        },
        {
          "recipient": 86,
          "score": 50
        }
      ],
      "bloodtype": "A"
    },
    "22": {
      "sources": [
        22
      ],
      "dage": 36,
      "matches": [
        {
          "recipient": 0,
          "score": 62
        },
        {
          "recipient": 20,
          "score": 83
        },
        {
          "recipient": 39,
          "score": 1
        },
        {
          "recipient": 46,
          "score": 26
        },
        {
          "recipient": 56,
          "score": 23
        },
        {
          "recipient": 57,
          "score": 34
        },
        {
          "recipient": 60,
          "score": 19
        },
        {
          "recipient": 61,
          "score": 31
        },
        {
          "recipient": 75,
          "score": 85
        },
        {
          "recipient": 76,
          "score": 45
        },
        {
          "recipient": 78,
          "score": 11
        },
        {
          "recipient": 79,
          "score": 68
        },
        {
          "recipient": 83,
          "score": 11
        },
        {
          "recipient": 84,
          "score": 1
        },
        {
          "recipient": 85,
          "score": 81
        },
        {
          "recipient": 99,
          "score": 88
        }
      ],
      "bloodtype": "O"
    },
    "23": {
      "sources": [
        23
      ],
      "dage": 47,
      "matches": [
        {
          "recipient": 18,
          "score": 10
        },
        {
          "recipient": 20,
          "score": 34
        },
        {
          "recipient": 28,
          "score": 21
        },
        {
          "recipient": 32,
          "score": 86
        },
        {
          "recipient": 39,
          "score": 3
        },
        {
          "recipient": 46,
          "score": 50
        },
        {
          "recipient": 53,
          "score": 18
        },
        {
          "recipient": 56,
          "score": 57
        },
        {
          "recipient": 59,
          "score": 89
        },
        {
          "recipient": 60,
          "score": 89
        },
        {
          "recipient": 61,
          "score": 40
        },
        {
          "recipient": 68,
          "score": 77
        },
        {
          "recipient": 76,
          "score": 40
        },
        {
          "recipient": 78,
          "score": 65
        },
        {
          "recipient": 83,
          "score": 79
        },
        {
          "recipient": 84,
          "score": 54
        },
        {
          "recipient": 85,
          "score": 58
        },
        {
          "recipient": 86,
          "score": 70
        },
        {
          "recipient": 99,
          "score": 85
        }
      ],
      "bloodtype": "O"
    },
    "24": {
      "sources": [
        24
      ],
      "dage": 25,
      "matches": [
        {
          "recipient": 20,
          "score": 86
        },
        {
          "recipient": 21,
          "score": 43
        },
        {
          "recipient": 25,
          "score": 51
        },
        {
          "recipient": 28,
          "score": 71
        },
        {
          "recipient": 32,
          "score": 51
        },
        {
          "recipient": 39,
          "score": 70
        },
        {
          "recipient": 46,
          "score": 80
        },
        {
          "recipient": 55,
          "score": 11
        },
        {
          "recipient": 59,
          "score": 89
        },
        {
          "recipient": 60,
          "score": 10
        },
        {
          "recipient": 61,
          "score": 6
        },
        {
          "recipient": 64,
          "score": 20
        },
        {
          "recipient": 65,
          "score": 56
        },
        {
          "recipient": 68,
          "score": 49
        },
        {
          "recipient": 75,
          "score": 64
        },
        {
          "recipient": 76,
          "score": 72
        },
        {
          "recipient": 78,
          "score": 66
        },
        {
          "recipient": 84,
          "score": 57
        },
        {
          "recipient": 99,
          "score": 24
        }
      ],
      "bloodtype": "O"
    },
    "25": {
      "sources": [
        25
      ],
      "dage": 46,
      "matches": [
        {
          "recipient": 0,
          "score": 27
        },
        {
          "recipient": 46,
          "score": 37
        },
        {
          "recipient": 53,
          "score": 53
        },
        {
          "recipient": 60,
          "score": 84
        }
      ],
      "bloodtype": "A"
    },
    "26": {
      "sources": [
        26
      ],
      "dage": 25,
      "matches": [
        {
          "recipient": 0,
          "score": 86
        },
        {
          "recipient": 35,
          "score": 54
        },
        {
          "recipient": 46,
          "score": 84
        },
        {
          "recipient": 58,
          "score": 62
        },
        {
          "recipient": 60,
          "score": 78
        }
      ],
      "bloodtype": "A"
    },
    "27": {
      "sources": [
        27
      ],
      "dage": 68,
      "matches": [
        {
          "recipient": 99,
          "score": 63
        }
      ],
      "bloodtype": "B"
    },
    "28": {
      "sources": [
        28
      ],
      "dage": 45,
      "matches": [
        {
          "recipient": 46,
          "score": 52
        },
        {
          "recipient": 60,
          "score": 60
        }
      ],
      "bloodtype": "A"
    },
    "29": {
      "sources": [
        29
      ],
      "dage": 47,
      "matches": [
        {
          "recipient": 46,
          "score": 46
        },
        {
          "recipient": 60,
          "score": 30
        }
      ],
      "bloodtype": "A"
    },
    "30": {
      "sources": [
        30
      ],
      "dage": 42,
      "matches": [
        {
          "recipient": 0,
          "score": 33
        },
        {
          "recipient": 46,
          "score": 38
        },
        {
          "recipient": 60,
          "score": 17
        },
        {
          "recipient": 91,
          "score": 84
        }
      ],
      "bloodtype": "A"
    },
    "31": {
      "sources": [
        31
      ],
      "dage": 38,
      "matches": [
        {
          "recipient": 99,
          "score": 71
        }
      ],
      "bloodtype": "B"
    },
    "32": {
      "sources": [
        32
      ],
      "dage": 33,
      "matches": [
        {
          "recipient": 2,
          "score": 30
        },
        {
          "recipient": 20,
          "score": 48
        },
        {
          "recipient": 28,
          "score": 60
        },
        {
          "recipient": 43,
          "score": 81
        },
        {
          "recipient": 53,
          "score": 79
        },
        {
          "recipient": 55,
          "score": 15
        },
        {
          "recipient": 56,
          "score": 63
        },
        {
          "recipient": 57,
          "score": 28
        },
        {
          "recipient": 59,
          "score": 46
        },
        {
          "recipient": 60,
          "score": 29
        },
        {
          "recipient": 68,
          "score": 23
        },
        {
          "recipient": 76,
          "score": 62
        },
        {
          "recipient": 78,
          "score": 2
        },
        {
          "recipient": 84,
          "score": 33
        },
        {
          "recipient": 85,
          "score": 46
        }
      ],
      "bloodtype": "O"
    },
    "33": {
      "sources": [
        33
      ],
      "dage": 31,
      "matches": [
        {
          "recipient": 0,
          "score": 32
        },
        {
          "recipient": 4,
          "score": 4
        },
        {
          "recipient": 46,
          "score": 43
        },
        {
          "recipient": 60,
          "score": 77
        }
      ],
      "bloodtype": "A"
    },
    "34": {
      "sources": [
        34
      ],
      "dage": 48,
      "matches": [
        {
          "recipient": 0,
          "score": 59
        },
        {
          "recipient": 17,
          "score": 34
        },
        {
          "recipient": 20,
          "score": 82
        },
        {
          "recipient": 39,
          "score": 88
        },
        {
          "recipient": 46,
          "score": 23
        },
        {
          "recipient": 56,
          "score": 86
        },
        {
          "recipient": 57,
          "score": 40
        },
        {
          "recipient": 60,
          "score": 43
        },
        {
          "recipient": 61,
          "score": 24
        },
        {
          "recipient": 68,
          "score": 34
        },
        {
          "recipient": 74,
          "score": 87
        },
        {
          "recipient": 75,
          "score": 56
        },
        {
          "recipient": 76,
          "score": 47
        },
        {
          "recipient": 78,
          "score": 50
        },
        {
          "recipient": 86,
          "score": 13
        },
        {
          "recipient": 99,
          "score": 85
        }
      ],
      "bloodtype": "O"
    },
    "35": {
      "sources": [
        35
      ],
      "dage": 55,
      "matches": [
        {
          "recipient": 33,
          "score": 26
        },
        {
          "recipient": 46,
          "score": 9
        },
        {
          "recipient": 58,
          "score": 23
        },
        {
          "recipient": 60,
          "score": 2
        }
      ],
      "bloodtype": "A"
    },
    "36": {
      "sources": [
        36
      ],
      "dage": 23,
      "matches": [
        {
          "recipient": 20,
          "score": 56
        },
        {
          "recipient": 28,
          "score": 3
        },
        {
          "recipient": 32,
          "score": 34
        },
        {
          "recipient": 33,
          "score": 54
        },
        {
          "recipient": 39,
          "score": 20
        },
        {
          "recipient": 46,
          "score": 33
        },
        {
          "recipient": 56,
          "score": 5
        },
        {
          "recipient": 59,
          "score": 41
        },
        {
          "recipient": 60,
          "score": 9
        },
        {
          "recipient": 64,
          "score": 75
        },
        {
          "recipient": 68,
          "score": 29
        },
        {
          "recipient": 74,
          "score": 53
        },
        {
          "recipient": 75,
          "score": 71
        },
        {
          "recipient": 76,
          "score": 30
        },
        {
          "recipient": 78,
          "score": 9
        },
        {
          "recipient": 85,
          "score": 14
        },
        {
          "recipient": 90,
          "score": 43
        },
        {
          "recipient": 93,
          "score": 4
        },
        {
          "recipient": 99,
          "score": 38
        }
      ],
      "bloodtype": "O"
    },
    "37": {
      "sources": [
        37
      ],
      "dage": 29,
      "matches": [
        {
          "recipient": 17,
          "score": 40
        },
        {
          "recipient": 20,
          "score": 70
        },
        {
          "recipient": 28,
          "score": 43
        },
        {
          "recipient": 29,
          "score": 54
        },
        {
          "recipient": 35,
          "score": 58
        },
        {
          "recipient": 39,
          "score": 85
        },
        {
          "recipient": 56,
          "score": 48
        },
        {
          "recipient": 58,
          "score": 82
        },
        {
          "recipient": 59,
          "score": 21
        },
        {
          "recipient": 60,
          "score": 50
        },
        {
          "recipient": 64,
          "score": 44
        },
        {
          "recipient": 68,
          "score": 67
        },
        {
          "recipient": 69,
          "score": 8
        },
        {
          "recipient": 76,
          "score": 47
        },
        {
          "recipient": 78,
          "score": 26
        },
        {
          "recipient": 85,
          "score": 3
        },
        {
          "recipient": 99,
          "score": 40
        }
      ],
      "bloodtype": "O"
    },
    "38": {
      "sources": [
        38
      ],
      "dage": 47,
      "matches": [
        {
          "recipient": 20,
          "score": 65
        },
        {
          "recipient": 28,
          "score": 66
        },
        {
          "recipient": 39,
          "score": 54
        },
        {
          "recipient": 42,
          "score": 43
        },
        {
          "recipient": 46,
          "score": 70
        },
        {
          "recipient": 53,
          "score": 61
        },
        {
          "recipient": 56,
          "score": 71
        },
        {
          "recipient": 57,
          "score": 41
        },
        {
          "recipient": 59,
          "score": 37
        },
        {
          "recipient": 60,
          "score": 86
        },
        {
          "recipient": 63,
          "score": 4
        },
        {
          "recipient": 65,
          "score": 3
        },
        {
          "recipient": 68,
          "score": 64
        },
        {
          "recipient": 76,
          "score": 85
        },
        {
          "recipient": 78,
          "score": 38
        },
        {
          "recipient": 93,
          "score": 68
        },
        {
          "recipient": 94,
          "score": 70
        },
        {
          "recipient": 99,
          "score": 83
        }
      ],
      "bloodtype": "O"
    },
    "39": {
      "sources": [
        39
      ],
      "dage": 21,
      "matches": [
        {
          "recipient": 46,
          "score": 26
        },
        {
          "recipient": 53,
          "score": 19
        },
        {
          "recipient": 58,
          "score": 84
        },
        {
          "recipient": 60,
          "score": 37
        }
      ],
      "bloodtype": "A"
    },
    "40": {
      "sources": [
        40
      ],
      "dage": 63,
      "matches": [
        {
          "recipient": 0,
          "score": 32
        },
        {
          "recipient": 3,
          "score": 76
        },
        {
          "recipient": 20,
          "score": 2
        },
        {
          "recipient": 32,
          "score": 18
        },
        {
          "recipient": 39,
          "score": 9
        },
        {
          "recipient": 46,
          "score": 28
        },
        {
          "recipient": 55,
          "score": 76
        },
        {
          "recipient": 56,
          "score": 85
        },
        {
          "recipient": 57,
          "score": 44
        },
        {
          "recipient": 59,
          "score": 70
        },
        {
          "recipient": 60,
          "score": 67
        },
        {
          "recipient": 68,
          "score": 2
        },
        {
          "recipient": 74,
          "score": 80
        },
        {
          "recipient": 76,
          "score": 30
        },
        {
          "recipient": 78,
          "score": 75
        },
        {
          "recipient": 84,
          "score": 32
        },
        {
          "recipient": 94,
          "score": 29
        },
        {
          "recipient": 99,
          "score": 34
        }
      ],
      "bloodtype": "O"
    },
    "41": {
      "sources": [
        41
      ],
      "dage": 57,
      "matches": [
        {
          "recipient": 0,
          "score": 25
        },
        {
          "recipient": 20,
          "score": 10
        },
        {
          "recipient": 28,
          "score": 29
        },
        {
          "recipient": 39,
          "score": 25
        },
        {
          "recipient": 46,
          "score": 58
        },
        {
          "recipient": 53,
          "score": 42
        },
        {
          "recipient": 55,
          "score": 25
        },
        {
          "recipient": 56,
          "score": 83
        },
        {
          "recipient": 58,
          "score": 82
        },
        {
          "recipient": 59,
          "score": 36
        },
        {
          "recipient": 60,
          "score": 81
        },
        {
          "recipient": 68,
          "score": 33
        },
        {
          "recipient": 76,
          "score": 43
        },
        {
          "recipient": 78,
          "score": 67
        },
        {
          "recipient": 83,
          "score": 84
        },
        {
          "recipient": 99,
          "score": 20
        }
      ],
      "bloodtype": "O"
    },
    "42": {
      "sources": [
        42
      ],
      "dage": 44,
      "matches": [
        {
          "recipient": 0,
          "score": 15
        },
        {
          "recipient": 46,
          "score": 59
        },
        {
          "recipient": 53,
          "score": 38
        },
        {
          "recipient": 60,
          "score": 90
        },
        {
          "recipient": 86,
          "score": 86
        }
      ],
      "bloodtype": "A"
    },
    "43": {
      "sources": [
        43
      ],
      "dage": 55,
      "matches": [
        {
          "recipient": 0,
          "score": 76
        },
        {
          "recipient": 12,
          "score": 37
        },
        {
          "recipient": 20,
          "score": 45
        },
        {
          "recipient": 28,
          "score": 3
        },
        {
          "recipient": 46,
          "score": 45
        },
        {
          "recipient": 53,
          "score": 56
        },
        {
          "recipient": 55,
          "score": 79
        },
        {
          "recipient": 56,
          "score": 24
        },
        {
          "recipient": 58,
          "score": 86
        },
        {
          "recipient": 59,
          "score": 2
        },
        {
          "recipient": 60,
          "score": 76
        },
        {
          "recipient": 61,
          "score": 6
        },
        {
          "recipient": 65,
          "score": 40
        },
        {
          "recipient": 68,
          "score": 47
        },
        {
          "recipient": 76,
          "score": 47
        },
        {
          "recipient": 78,
          "score": 46
        },
        {
          "recipient": 85,
          "score": 3
        },
        {
          "recipient": 94,
          "score": 4
        }
      ],
      "bloodtype": "O"
    },
    "44": {
      "sources": [
        44
      ],
      "dage": 32,
      "matches": [
        {
          "recipient": 0,
          "score": 51
        },
        {
          "recipient": 46,
          "score": 83
        },
        {
          "recipient": 53,
          "score": 6
        },
        {
          "recipient": 60,
          "score": 81
        },
        {
          "recipient": 94,
          "score": 56
        }
      ],
      "bloodtype": "A"
    },
    "45": {
      "sources": [
        45
      ],
      "dage": 35,
      "matches": [
        {
          "recipient": 19,
          "score": 68
        },
        {
          "recipient": 20,
          "score": 42
        },
        {
          "recipient": 28,
          "score": 12
        },
        {
          "recipient": 39,
          "score": 49
        },
        {
          "recipient": 46,
          "score": 7
        },
        {
          "recipient": 55,
          "score": 75
        },
        {
          "recipient": 56,
          "score": 43
        },
        {
          "recipient": 59,
          "score": 59
        },
        {
          "recipient": 60,
          "score": 1
        },
        {
          "recipient": 65,
          "score": 57
        },
        {
          "recipient": 76,
          "score": 37
        },
        {
          "recipient": 78,
          "score": 1
        },
        {
          "recipient": 79,
          "score": 79
        }
      ],
      "bloodtype": "O"
    },
    "46": {
      "sources": [
        46
      ],
      "dage": 41,
      "bloodtype": "B"
    },
    "47": {
      "sources": [
        47
      ],
      "dage": 30,
      "matches": [
        {
          "recipient": 69,
          "score": 82
        },
        {
          "recipient": 96,
          "score": 82
        },
        {
          "recipient": 99,
          "score": 48
        }
      ],
      "bloodtype": "B"
    },
    "48": {
      "sources": [
        48
      ],
      "dage": 57,
      "matches": [
        {
          "recipient": 0,
          "score": 31
        },
        {
          "recipient": 46,
          "score": 47
        },
        {
          "recipient": 60,
          "score": 7
        },
        {
          "recipient": 86,
          "score": 55
        }
      ],
      "bloodtype": "A"
    },
    "49": {
      "sources": [
        49
      ],
      "dage": 57,
      "matches": [
        {
          "recipient": 0,
          "score": 12
        },
        {
          "recipient": 18,
          "score": 32
        },
        {
          "recipient": 20,
          "score": 10
        },
        {
          "recipient": 25,
          "score": 75
        },
        {
          "recipient": 28,
          "score": 70
        },
        {
          "recipient": 33,
          "score": 52
        },
        {
          "recipient": 46,
          "score": 81
        },
        {
          "recipient": 56,
          "score": 6
        },
        {
          "recipient": 57,
          "score": 31
        },
        {
          "recipient": 58,
          "score": 83
        },
        {
          "recipient": 59,
          "score": 46
        },
        {
          "recipient": 60,
          "score": 39
        },
        {
          "recipient": 68,
          "score": 51
        },
        {
          "recipient": 72,
          "score": 12
        },
        {
          "recipient": 76,
          "score": 26
        },
        {
          "recipient": 78,
          "score": 78
        },
        {
          "recipient": 79,
          "score": 13
        },
        {
          "recipient": 83,
          "score": 57
        },
        {
          "recipient": 91,
          "score": 3
        }
      ],
      "bloodtype": "O"
    },
    "50": {
      "sources": [
        50
      ],
      "dage": 62,
      "matches": [
        {
          "recipient": 19,
          "score": 56
        },
        {
          "recipient": 20,
          "score": 25
        },
        {
          "recipient": 28,
          "score": 79
        },
        {
          "recipient": 39,
          "score": 52
        },
        {
          "recipient": 43,
          "score": 83
        },
        {
          "recipient": 46,
          "score": 50
        },
        {
          "recipient": 55,
          "score": 53
        },
        {
          "recipient": 56,
          "score": 90
        },
        {
          "recipient": 57,
          "score": 23
        },
        {
          "recipient": 59,
          "score": 47
        },
        {
          "recipient": 60,
          "score": 87
        },
        {
          "recipient": 76,
          "score": 35
        },
        {
          "recipient": 78,
          "score": 41
        },
        {
          "recipient": 83,
          "score": 59
        },
        {
          "recipient": 84,
          "score": 38
        },
        {
          "recipient": 85,
          "score": 69
        },
        {
          "recipient": 86,
          "score": 25
        },
        {
          "recipient": 99,
          "score": 5
        }
      ],
      "bloodtype": "O"
    },
    "51": {
      "sources": [
        51
      ],
      "dage": 66,
      "matches": [
        {
          "recipient": 0,
          "score": 35
        },
        {
          "recipient": 12,
          "score": 57
        },
        {
          "recipient": 17,
          "score": 31
        },
        {
          "recipient": 20,
          "score": 67
        },
        {
          "recipient": 28,
          "score": 16
        },
        {
          "recipient": 33,
          "score": 38
        },
        {
          "recipient": 39,
          "score": 27
        },
        {
          "recipient": 46,
          "score": 82
        },
        {
          "recipient": 53,
          "score": 79
        },
        {
          "recipient": 56,
          "score": 14
        },
        {
          "recipient": 58,
          "score": 45
        },
        {
          "recipient": 59,
          "score": 25
        },
        {
          "recipient": 60,
          "score": 10
        },
        {
          "recipient": 61,
          "score": 71
        },
        {
          "recipient": 64,
          "score": 43
        },
        {
          "recipient": 74,
          "score": 86
        },
        {
          "recipient": 76,
          "score": 16
        },
        {
          "recipient": 78,
          "score": 36
        },
        {
          "recipient": 83,
          "score": 39
        },
        {
          "recipient": 84,
          "score": 69
        },
        {
          "recipient": 99,
          "score": 37
        }
      ],
      "bloodtype": "O"
    },
    "52": {
      "sources": [
        52
      ],
      "dage": 57,
      "matches": [
        {
          "recipient": 20,
          "score": 68
        },
        {
          "recipient": 39,
          "score": 7
        },
        {
          "recipient": 46,
          "score": 41
        },
        {
          "recipient": 54,
          "score": 2
        },
        {
          "recipient": 56,
          "score": 76
        },
        {
          "recipient": 57,
          "score": 2
        },
        {
          "recipient": 59,
          "score": 44
        },
        {
          "recipient": 60,
          "score": 14
        },
        {
          "recipient": 61,
          "score": 42
        },
        {
          "recipient": 65,
          "score": 67
        },
        {
          "recipient": 73,
          "score": 4
        },
        {
          "recipient": 74,
          "score": 43
        },
        {
          "recipient": 76,
          "score": 28
        },
        {
          "recipient": 78,
          "score": 80
        },
        {
          "recipient": 83,
          "score": 65
        },
        {
          "recipient": 85,
          "score": 52
        },
        {
          "recipient": 86,
          "score": 78
        },
        {
          "recipient": 91,
          "score": 66
        },
        {
          "recipient": 99,
          "score": 18
        }
      ],
      "bloodtype": "O"
    },
    "53": {
      "sources": [
        53
      ],
      "dage": 62,
      "matches": [
        {
          "recipient": 20,
          "score": 82
        },
        {
          "recipient": 25,
          "score": 84
        },
        {
          "recipient": 28,
          "score": 84
        },
        {
          "recipient": 39,
          "score": 81
        },
        {
          "recipient": 46,
          "score": 4
        },
        {
          "recipient": 56,
          "score": 18
        },
        {
          "recipient": 59,
          "score": 45
        },
        {
          "recipient": 60,
          "score": 84
        },
        {
          "recipient": 61,
          "score": 73
        },
        {
          "recipient": 76,
          "score": 76
        },
        {
          "recipient": 78,
          "score": 11
        },
        {
          "recipient": 84,
          "score": 69
        },
        {
          "recipient": 99,
          "score": 11
        }
      ],
      "bloodtype": "O"
    },
    "54": {
      "sources": [
        54
      ],
      "dage": 54,
      "matches": [
        {
          "recipient": 46,
          "score": 53
        },
        {
          "recipient": 60,
          "score": 54
        }
      ],
      "bloodtype": "A"
    },
    "55": {
      "sources": [
        55
      ],
      "dage": 43,
      "matches": [
        {
          "recipient": 0,
          "score": 44
        },
        {
          "recipient": 2,
          "score": 62
        },
        {
          "recipient": 18,
          "score": 27
        },
        {
          "recipient": 20,
          "score": 78
        },
        {
          "recipient": 28,
          "score": 32
        },
        {
          "recipient": 35,
          "score": 32
        },
        {
          "recipient": 39,
          "score": 34
        },
        {
          "recipient": 46,
          "score": 56
        },
        {
          "recipient": 48,
          "score": 1
        },
        {
          "recipient": 53,
          "score": 4
        },
        {
          "recipient": 56,
          "score": 40
        },
        {
          "recipient": 59,
          "score": 12
        },
        {
          "recipient": 60,
          "score": 38
        },
        {
          "recipient": 61,
          "score": 66
        },
        {
          "recipient": 68,
          "score": 23
        },
        {
          "recipient": 74,
          "score": 80
        },
        {
          "recipient": 76,
          "score": 87
        },
        {
          "recipient": 78,
          "score": 70
        },
        {
          "recipient": 85,
          "score": 36
        },
        {
          "recipient": 92,
          "score": 19
        },
        {
          "recipient": 99,
          "score": 25
        }
      ],
      "bloodtype": "O"
    },
    "56": {
      "sources": [
        56
      ],
      "dage": 55,
      "matches": [
        {
          "recipient": 96,
          "score": 17
        }
      ],
      "bloodtype": "B"
    },
    "57": {
      "sources": [
        57
      ],
      "dage": 56,
      "matches": [
        {
          "recipient": 0,
          "score": 58
        },
        {
          "recipient": 20,
          "score": 62
        },
        {
          "recipient": 25,
          "score": 68
        },
        {
          "recipient": 28,
          "score": 28
        },
        {
          "recipient": 39,
          "score": 3
        },
        {
          "recipient": 46,
          "score": 76
        },
        {
          "recipient": 55,
          "score": 75
        },
        {
          "recipient": 56,
          "score": 24
        },
        {
          "recipient": 59,
          "score": 88
        },
        {
          "recipient": 60,
          "score": 79
        },
        {
          "recipient": 68,
          "score": 46
        },
        {
          "recipient": 76,
          "score": 27
        },
        {
          "recipient": 78,
          "score": 16
        },
        {
          "recipient": 84,
          "score": 84
        },
        {
          "recipient": 86,
          "score": 63
        },
        {
          "recipient": 93,
          "score": 64
        },
        {
          "recipient": 99,
          "score": 83
        }
      ],
      "bloodtype": "O"
    },
    "58": {
      "sources": [
        58
      ],
      "dage": 27,
      "matches": [
        {
          "recipient": 0,
          "score": 22
        },
        {
          "recipient": 46,
          "score": 59
        },
        {
          "recipient": 60,
          "score": 79
        }
      ],
      "bloodtype": "A"
    },
    "59": {
      "sources": [
        59
      ],
      "dage": 53,
      "matches": [
        {
          "recipient": 46,
          "score": 87
        },
        {
          "recipient": 58,
          "score": 59
        },
        {
          "recipient": 60,
          "score": 85
        }
      ],
      "bloodtype": "A"
    },
    "60": {
      "sources": [
        60
      ],
      "dage": 36,
      "matches": [
        {
          "recipient": 27,
          "score": 85
        },
        {
          "recipient": 99,
          "score": 50
        }
      ],
      "bloodtype": "B"
    },
    "61": {
      "sources": [
        61
      ],
      "dage": 33,
      "matches": [
        {
          "recipient": 9,
          "score": 64
        },
        {
          "recipient": 46,
          "score": 89
        },
        {
          "recipient": 60,
          "score": 36
        }
      ],
      "bloodtype": "A"
    },
    "62": {
      "sources": [
        62
      ],
      "dage": 31,
      "matches": [
        {
          "recipient": 0,
          "score": 45
        },
        {
          "recipient": 46,
          "score": 50
        },
        {
          "recipient": 60,
          "score": 28
        },
        {
          "recipient": 86,
          "score": 78
        }
      ],
      "bloodtype": "A"
    },
    "63": {
      "sources": [
        63
      ],
      "dage": 54,
      "matches": [
        {
          "recipient": 9,
          "score": 69
        },
        {
          "recipient": 10,
          "score": 16
        },
        {
          "recipient": 28,
          "score": 36
        },
        {
          "recipient": 39,
          "score": 49
        },
        {
          "recipient": 46,
          "score": 7
        },
        {
          "recipient": 51,
          "score": 53
        },
        {
          "recipient": 53,
          "score": 16
        },
        {
          "recipient": 56,
          "score": 20
        },
        {
          "recipient": 59,
          "score": 3
        },
        {
          "recipient": 60,
          "score": 45
        },
        {
          "recipient": 61,
          "score": 47
        },
        {
          "recipient": 68,
          "score": 47
        },
        {
          "recipient": 69,
          "score": 29
        },
        {
          "recipient": 72,
          "score": 4
        },
        {
          "recipient": 74,
          "score": 44
        },
        {
          "recipient": 76,
          "score": 73
        },
        {
          "recipient": 78,
          "score": 25
        },
        {
          "recipient": 86,
          "score": 61
        },
        {
          "recipient": 93,
          "score": 25
        },
        {
          "recipient": 98,
          "score": 17
        }
      ],
      "bloodtype": "O"
    },
    "64": {
      "sources": [
        64
      ],
      "dage": 52,
      "matches": [
        {
          "recipient": 0,
          "score": 65
        },
        {
          "recipient": 46,
          "score": 13
        },
        {
          "recipient": 53,
          "score": 77
        },
        {
          "recipient": 60,
          "score": 64
        },
        {
          "recipient": 86,
          "score": 41
        },
        {
          "recipient": 94,
          "score": 58
        }
      ],
      "bloodtype": "A"
    },
    "65": {
      "sources": [
        65
      ],
      "dage": 35,
      "matches": [
        {
          "recipient": 46,
          "score": 69
        },
        {
          "recipient": 58,
          "score": 6
        },
        {
          "recipient": 60,
          "score": 58
        }
      ],
      "bloodtype": "A"
    },
    "66": {
      "sources": [
        66
      ],
      "dage": 50,
      "matches": [
        {
          "recipient": 0,
          "score": 45
        },
        {
          "recipient": 1,
          "score": 30
        },
        {
          "recipient": 35,
          "score": 19
        },
        {
          "recipient": 46,
          "score": 73
        },
        {
          "recipient": 51,
          "score": 28
        },
        {
          "recipient": 60,
          "score": 39
        },
        {
          "recipient": 86,
          "score": 43
        },
        {
          "recipient": 94,
          "score": 86
        }
      ],
      "bloodtype": "A"
    },
    "67": {
      "sources": [
        67
      ],
      "dage": 19,
      "matches": [
        {
          "recipient": 46,
          "score": 75
        },
        {
          "recipient": 53,
          "score": 65
        },
        {
          "recipient": 60,
          "score": 66
        },
        {
          "recipient": 94,
          "score": 29
        }
      ],
      "bloodtype": "A"
    },
    "68": {
      "sources": [
        68
      ],
      "dage": 51,
      "matches": [
        {
          "recipient": 0,
          "score": 38
        },
        {
          "recipient": 9,
          "score": 86
        },
        {
          "recipient": 46,
          "score": 51
        },
        {
          "recipient": 60,
          "score": 10
        }
      ],
      "bloodtype": "A"
    },
    "69": {
      "sources": [
        69
      ],
      "dage": 25,
      "matches": [
        {
          "recipient": 99,
          "score": 28
        }
      ],
      "bloodtype": "B"
    },
    "70": {
      "sources": [
        70
      ],
      "dage": 47,
      "matches": [
        {
          "recipient": 46,
          "score": 66
        },
        {
          "recipient": 60,
          "score": 57
        }
      ],
      "bloodtype": "A"
    },
    "71": {
      "sources": [
        71
      ],
      "dage": 55,
      "matches": [
        {
          "recipient": 2,
          "score": 58
        },
        {
          "recipient": 10,
          "score": 49
        },
        {
          "recipient": 20,
          "score": 56
        },
        {
          "recipient": 25,
          "score": 42
        },
        {
          "recipient": 28,
          "score": 88
        },
        {
          "recipient": 39,
          "score": 32
        },
        {
          "recipient": 46,
          "score": 21
        },
        {
          "recipient": 48,
          "score": 62
        },
        {
          "recipient": 50,
          "score": 41
        },
        {
          "recipient": 53,
          "score": 7
        },
        {
          "recipient": 56,
          "score": 83
        },
        {
          "recipient": 57,
          "score": 75
        },
        {
          "recipient": 59,
          "score": 4
        },
        {
          "recipient": 60,
          "score": 76
        },
        {
          "recipient": 62,
          "score": 38
        },
        {
          "recipient": 65,
          "score": 54
        },
        {
          "recipient": 68,
          "score": 19
        },
        {
          "recipient": 76,
          "score": 51
        },
        {
          "recipient": 78,
          "score": 82
        },
        {
          "recipient": 85,
          "score": 37
        },
        {
          "recipient": 91,
          "score": 42
        },
        {
          "recipient": 99,
          "score": 88
        }
      ],
      "bloodtype": "O"
    },
    "72": {
      "sources": [
        72
      ],
      "dage": 44,
      "matches": [
        {
          "recipient": 0,
          "score": 26
        },
        {
          "recipient": 9,
          "score": 50
        },
        {
          "recipient": 46,
          "score": 18
        },
        {
          "recipient": 53,
          "score": 41
        },
        {
          "recipient": 60,
          "score": 62
        },
        {
          "recipient": 91,
          "score": 23
        }
      ],
      "bloodtype": "A"
    },
    "73": {
      "sources": [
        73
      ],
      "dage": 34,
      "matches": [
        {
          "recipient": 35,
          "score": 89
        },
        {
          "recipient": 46,
          "score": 89
        },
        {
          "recipient": 60,
          "score": 24
        },
        {
          "recipient": 86,
          "score": 82
        }
      ],
      "bloodtype": "A"
    },
    "74": {
      "sources": [
        74
      ],
      "dage": 62,
      "matches": [
        {
          "recipient": 0,
          "score": 17
        },
        {
          "recipient": 4,
          "score": 68
        },
        {
          "recipient": 33,
          "score": 71
        },
        {
          "recipient": 46,
          "score": 6
        },
        {
          "recipient": 53,
          "score": 54
        },
        {
          "recipient": 60,
          "score": 23
        }
      ],
      "bloodtype": "A"
    },
    "75": {
      "sources": [
        75
      ],
      "dage": 22,
      "matches": [
        {
          "recipient": 0,
          "score": 85
        },
        {
          "recipient": 46,
          "score": 85
        },
        {
          "recipient": 51,
          "score": 1
        },
        {
          "recipient": 60,
          "score": 75
        }
      ],
      "bloodtype": "A"
    },
    "76": {
      "sources": [
        76
      ],
      "dage": 30,
      "matches": [
        {
          "recipient": 0,
          "score": 13
        },
        {
          "recipient": 46,
          "score": 18
        },
        {
          "recipient": 60,
          "score": 7
        }
      ],
      "bloodtype": "A"
    },
    "77": {
      "sources": [
        77
      ],
      "dage": 44,
      "matches": [
        {
          "recipient": 99,
          "score": 43
        }
      ],
      "bloodtype": "B"
    },
    "78": {
      "sources": [
        78
      ],
      "dage": 57,
      "matches": [
        {
          "recipient": 0,
          "score": 83
        },
        {
          "recipient": 46,
          "score": 16
        },
        {
          "recipient": 60,
          "score": 10
        },
        {
          "recipient": 86,
          "score": 23
        }
      ],
      "bloodtype": "A"
    },
    "79": {
      "sources": [
        79
      ],
      "dage": 59,
      "matches": [
        {
          "recipient": 0,
          "score": 77
        },
        {
          "recipient": 46,
          "score": 10
        },
        {
          "recipient": 53,
          "score": 22
        },
        {
          "recipient": 60,
          "score": 90
        },
        {
          "recipient": 86,
          "score": 74
        }
      ],
      "bloodtype": "A"
    },
    "80": {
      "sources": [
        80
      ],
      "dage": 57,
      "matches": [
        {
          "recipient": 0,
          "score": 24
        },
        {
          "recipient": 9,
          "score": 80
        },
        {
          "recipient": 20,
          "score": 30
        },
        {
          "recipient": 21,
          "score": 68
        },
        {
          "recipient": 28,
          "score": 78
        },
        {
          "recipient": 39,
          "score": 78
        },
        {
          "recipient": 46,
          "score": 12
        },
        {
          "recipient": 50,
          "score": 69
        },
        {
          "recipient": 55,
          "score": 69
        },
        {
          "recipient": 56,
          "score": 11
        },
        {
          "recipient": 59,
          "score": 59
        },
        {
          "recipient": 60,
          "score": 13
        },
        {
          "recipient": 68,
          "score": 1
        },
        {
          "recipient": 74,
          "score": 53
        },
        {
          "recipient": 76,
          "score": 51
        },
        {
          "recipient": 78,
          "score": 82
        },
        {
          "recipient": 84,
          "score": 17
        },
        {
          "recipient": 86,
          "score": 12
        },
        {
          "recipient": 99,
          "score": 25
        }
      ],
      "bloodtype": "O"
    },
    "81": {
      "sources": [
        81
      ],
      "dage": 31,
      "matches": [
        {
          "recipient": 46,
          "score": 49
        },
        {
          "recipient": 60,
          "score": 25
        },
        {
          "recipient": 94,
          "score": 48
        }
      ],
      "bloodtype": "A"
    },
    "82": {
      "sources": [
        82
      ],
      "dage": 58,
      "matches": [
        {
          "recipient": 11,
          "score": 60
        },
        {
          "recipient": 20,
          "score": 7
        },
        {
          "recipient": 25,
          "score": 74
        },
        {
          "recipient": 28,
          "score": 63
        },
        {
          "recipient": 39,
          "score": 56
        },
        {
          "recipient": 44,
          "score": 29
        },
        {
          "recipient": 46,
          "score": 38
        },
        {
          "recipient": 54,
          "score": 89
        },
        {
          "recipient": 56,
          "score": 53
        },
        {
          "recipient": 58,
          "score": 30
        },
        {
          "recipient": 59,
          "score": 74
        },
        {
          "recipient": 60,
          "score": 6
        },
        {
          "recipient": 74,
          "score": 88
        },
        {
          "recipient": 75,
          "score": 61
        },
        {
          "recipient": 76,
          "score": 74
        },
        {
          "recipient": 78,
          "score": 50
        },
        {
          "recipient": 85,
          "score": 71
        },
        {
          "recipient": 86,
          "score": 14
        },
        {
          "recipient": 88,
          "score": 74
        },
        {
          "recipient": 93,
          "score": 13
        },
        {
          "recipient": 94,
          "score": 12
        },
        {
          "recipient": 99,
          "score": 9
        }
      ],
      "bloodtype": "O"
    },
    "83": {
      "sources": [
        83
      ],
      "dage": 39,
      "matches": [
        {
          "recipient": 0,
          "score": 72
        },
        {
          "recipient": 60,
          "score": 19
        },
        {
          "recipient": 86,
          "score": 60
        }
      ],
      "bloodtype": "A"
    },
    "84": {
      "sources": [
        84
      ],
      "dage": 57,
      "matches": [
        {
          "recipient": 0,
          "score": 47
        },
        {
          "recipient": 20,
          "score": 81
        },
        {
          "recipient": 24,
          "score": 75
        },
        {
          "recipient": 39,
          "score": 21
        },
        {
          "recipient": 46,
          "score": 24
        },
        {
          "recipient": 56,
          "score": 17
        },
        {
          "recipient": 58,
          "score": 46
        },
        {
          "recipient": 59,
          "score": 75
        },
        {
          "recipient": 60,
          "score": 64
        },
        {
          "recipient": 62,
          "score": 38
        },
        {
          "recipient": 65,
          "score": 53
        },
        {
          "recipient": 68,
          "score": 18
        },
        {
          "recipient": 74,
          "score": 81
        },
        {
          "recipient": 76,
          "score": 29
        },
        {
          "recipient": 78,
          "score": 23
        },
        {
          "recipient": 79,
          "score": 54
        },
        {
          "recipient": 99,
          "score": 90
        }
      ],
      "bloodtype": "O"
    },
    "85": {
      "sources": [
        85
      ],
      "dage": 44,
      "matches": [
        {
          "recipient": 99,
          "score": 76
        }
      ],
      "bloodtype": "B"
    },
    "86": {
      "sources": [
        86
      ],
      "dage": 25,
      "matches": [
        {
          "recipient": 0,
          "score": 75
        },
        {
          "recipient": 33,
          "score": 83
        },
        {
          "recipient": 46,
          "score": 33
        },
        {
          "recipient": 53,
          "score": 35
        },
        {
          "recipient": 60,
          "score": 81
        },
        {
          "recipient": 92,
          "score": 65
        }
      ],
      "bloodtype": "A"
    },
    "87": {
      "sources": [
        87
      ],
      "dage": 33,
      "matches": [
        {
          "recipient": 0,
          "score": 65
        },
        {
          "recipient": 29,
          "score": 43
        },
        {
          "recipient": 33,
          "score": 77
        },
        {
          "recipient": 46,
          "score": 67
        },
        {
          "recipient": 60,
          "score": 81
        }
      ],
      "bloodtype": "A"
    },
    "88": {
      "sources": [
        88
      ],
      "dage": 19,
      "matches": [
        {
          "recipient": 46,
          "score": 1
        },
        {
          "recipient": 53,
          "score": 26
        },
        {
          "recipient": 60,
          "score": 29
        },
        {
          "recipient": 86,
          "score": 20
        }
      ],
      "bloodtype": "A"
    },
    "89": {
      "sources": [
        89
      ],
      "dage": 20,
      "bloodtype": "B"
    },
    "90": {
      "sources": [
        90
      ],
      "dage": 59,
      "matches": [
        {
          "recipient": 0,
          "score": 78
        },
        {
          "recipient": 46,
          "score": 20
        },
        {
          "recipient": 60,
          "score": 37
        }
      ],
      "bloodtype": "A"
    },
    "91": {
      "sources": [
        91
      ],
      "dage": 55,
      "matches": [
        {
          "recipient": 46,
          "score": 84
        },
        {
          "recipient": 60,
          "score": 27
        },
        {
          "recipient": 86,
          "score": 77
        }
      ],
      "bloodtype": "A"
    },
    "92": {
      "sources": [
        92
      ],
      "dage": 65,
      "matches": [
        {
          "recipient": 20,
          "score": 40
        },
        {
          "recipient": 28,
          "score": 56
        },
        {
          "recipient": 33,
          "score": 76
        },
        {
          "recipient": 39,
          "score": 44
        },
        {
          "recipient": 46,
          "score": 38
        },
        {
          "recipient": 55,
          "score": 53
        },
        {
          "recipient": 56,
          "score": 52
        },
        {
          "recipient": 59,
          "score": 90
        },
        {
          "recipient": 60,
          "score": 82
        },
        {
          "recipient": 68,
          "score": 44
        },
        {
          "recipient": 76,
          "score": 56
        },
        {
          "recipient": 78,
          "score": 29
        },
        {
          "recipient": 85,
          "score": 74
        },
        {
          "recipient": 86,
          "score": 7
        },
        {
          "recipient": 94,
          "score": 8
        }
      ],
      "bloodtype": "O"
    },
    "93": {
      "sources": [
        93
      ],
      "dage": 28,
      "matches": [
        {
          "recipient": 0,
          "score": 66
        },
        {
          "recipient": 60,
          "score": 88
        }
      ],
      "bloodtype": "A"
    },
    "94": {
      "sources": [
        94
      ],
      "dage": 68,
      "matches": [
        {
          "recipient": 0,
          "score": 31
        },
        {
          "recipient": 46,
          "score": 15
        },
        {
          "recipient": 53,
          "score": 85
        },
        {
          "recipient": 60,
          "score": 69
        }
      ],
      "bloodtype": "A"
    },
    "95": {
      "sources": [
        95
      ],
      "dage": 20,
      "matches": [
        {
          "recipient": 33,
          "score": 2
        },
        {
          "recipient": 46,
          "score": 21
        },
        {
          "recipient": 58,
          "score": 58
        },
        {
          "recipient": 60,
          "score": 20
        }
      ],
      "bloodtype": "A"
    },
    "96": {
      "sources": [
        96
      ],
      "dage": 28,
      "matches": [
        {
          "recipient": 0,
          "score": 36
        },
        {
          "recipient": 20,
          "score": 66
        },
        {
          "recipient": 25,
          "score": 79
        },
        {
          "recipient": 28,
          "score": 77
        },
        {
          "recipient": 32,
          "score": 66
        },
        {
          "recipient": 33,
          "score": 79
        },
        {
          "recipient": 39,
          "score": 4
        },
        {
          "recipient": 46,
          "score": 17
        },
        {
          "recipient": 53,
          "score": 66
        },
        {
          "recipient": 56,
          "score": 31
        },
        {
          "recipient": 58,
          "score": 47
        },
        {
          "recipient": 59,
          "score": 32
        },
        {
          "recipient": 60,
          "score": 44
        },
        {
          "recipient": 61,
          "score": 26
        },
        {
          "recipient": 68,
          "score": 60
        },
        {
          "recipient": 74,
          "score": 26
        },
        {
          "recipient": 76,
          "score": 17
        },
        {
          "recipient": 78,
          "score": 90
        },
        {
          "recipient": 79,
          "score": 32
        },
        {
          "recipient": 84,
          "score": 42
        },
        {
          "recipient": 85,
          "score": 28
        },
        {
          "recipient": 99,
          "score": 65
        }
      ],
      "bloodtype": "O"
    },
    "97": {
      "sources": [
        97
      ],
      "dage": 48,
      "matches": [
        {
          "recipient": 46,
          "score": 4
        },
        {
          "recipient": 58,
          "score": 16
        },
        {
          "recipient": 60,
          "score": 4
        },
        {
          "recipient": 86,
          "score": 78
        }
      ],
      "bloodtype": "A"
    },
    "98": {
      "sources": [
        98
      ],
      "dage": 32,
      "matches": [
        {
          "recipient": 19,
          "score": 58
        },
        {
          "recipient": 20,
          "score": 43
        },
        {
          "recipient": 32,
          "score": 7
        },
        {
          "recipient": 39,
          "score": 56
        },
        {
          "recipient": 41,
          "score": 77
        },
        {
          "recipient": 43,
          "score": 21
        },
        {
          "recipient": 46,
          "score": 60
        },
        {
          "recipient": 54,
          "score": 31
        },
        {
          "recipient": 56,
          "score": 34
        },
        {
          "recipient": 59,
          "score": 59
        },
        {
          "recipient": 60,
          "score": 30
        },
        {
          "recipient": 68,
          "score": 57
        },
        {
          "recipient": 75,
          "score": 62
        },
        {
          "recipient": 76,
          "score": 16
        },
        {
          "recipient": 78,
          "score": 10
        },
        {
          "recipient": 85,
          "score": 41
        }
      ],
      "bloodtype": "O"
    },
    "99": {
      "sources": [
        99
      ],
      "dage": 63,
      "matches": [
        {
          "recipient": 0,
          "score": 2
        },
        {
          "recipient": 46,
          "score": 16
        },
        {
          "recipient": 53,
          "score": 13
        },
        {
          "recipient": 60,
          "score": 69
        },
        {
          "recipient": 86,
          "score": 54
        }
      ],
      "bloodtype": "A"
    },
    "100": {
      "altruistic": true,
      "dage": 52,
      "matches": [
        {
          "recipient": 0,
          "score": 46
        },
        {
          "recipient": 4,
          "score": 57
        },
        {
          "recipient": 20,
          "score": 34
        },
        {
          "recipient": 28,
          "score": 39
        },
        {
          "recipient": 39,
          "score": 86
        },
        {
          "recipient": 43,
          "score": 28
        },
        {
          "recipient": 46,
          "score": 82
        },
        {
          "recipient": 53,
          "score": 4
        },
        {
          "recipient": 56,
          "score": 50
        },
        {
          "recipient": 57,
          "score": 43
        },
        {
          "recipient": 58,
          "score": 15
        },
        {
          "recipient": 59,
          "score": 38
        },
        {
          "recipient": 60,
          "score": 69
        },
        {
          "recipient": 68,
          "score": 7
        },
        {
          "recipient": 76,
          "score": 56
        },
        {
          "recipient": 78,
          "score": 59
        },
        {
          "recipient": 79,
          "score": 90
        },
        {
          "recipient": 84,
          "score": 12
        },
        {
          "recipient": 93,
          "score": 59
        },
        {
          "recipient": 99,
          "score": 15
        }
      ],
      "bloodtype": "O"
    },
    "101": {
      "altruistic": true,
      "dage": 62,
      "matches": [
        {
          "recipient": 36,
          "score": 56
        },
        {
          "recipient": 46,
          "score": 90
        },
        {
          "recipient": 53,
          "score": 33
        },
        {
          "recipient": 58,
          "score": 18
        },
        {
          "recipient": 60,
          "score": 52
        },
        {
          "recipient": 70,
          "score": 74
        },
        {
          "recipient": 86,
          "score": 55
        },
        {
          "recipient": 94,
          "score": 39
        }
      ],
      "bloodtype": "A"
    },
    "102": {
      "altruistic": true,
      "dage": 51,
      "matches": [
        {
          "recipient": 20,
          "score": 31
        },
        {
          "recipient": 25,
          "score": 23
        },
        {
          "recipient": 28,
          "score": 46
        },
        {
          "recipient": 32,
          "score": 11
        },
        {
          "recipient": 35,
          "score": 80
        },
        {
          "recipient": 39,
          "score": 76
        },
        {
          "recipient": 46,
          "score": 42
        },
        {
          "recipient": 56,
          "score": 7
        },
        {
          "recipient": 57,
          "score": 62
        },
        {
          "recipient": 58,
          "score": 37
        },
        {
          "recipient": 59,
          "score": 9
        },
        {
          "recipient": 60,
          "score": 37
        },
        {
          "recipient": 61,
          "score": 56
        },
        {
          "recipient": 68,
          "score": 28
        },
        {
          "recipient": 74,
          "score": 31
        },
        {
          "recipient": 76,
          "score": 76
        },
        {
          "recipient": 78,
          "score": 49
        },
        {
          "recipient": 79,
          "score": 5
        },
        {
          "recipient": 81,
          "score": 12
        },
        {
          "recipient": 99,
          "score": 1
        }
      ],
      "bloodtype": "O"
    },
    "103": {
      "altruistic": true,
      "dage": 26,
      "matches": [
        {
          "recipient": 99,
          "score": 67
        }
      ],
      "bloodtype": "B"
    },
    "104": {
      "altruistic": true,
      "dage": 31,
      "matches": [
        {
          "recipient": 9,
          "score": 70
        },
        {
          "recipient": 20,
          "score": 25
        },
        {
          "recipient": 21,
          "score": 81
        },
        {
          "recipient": 25,
          "score": 86
        },
        {
          "recipient": 28,
          "score": 4
        },
        {
          "recipient": 32,
          "score": 14
        },
        {
          "recipient": 33,
          "score": 59
        },
        {
          "recipient": 39,
          "score": 1
        },
        {
          "recipient": 42,
          "score": 51
        },
        {
          "recipient": 46,
          "score": 30
        },
        {
          "recipient": 53,
          "score": 47
        },
        {
          "recipient": 56,
          "score": 73
        },
        {
          "recipient": 57,
          "score": 7
        },
        {
          "recipient": 59,
          "score": 5
        },
        {
          "recipient": 60,
          "score": 17
        },
        {
          "recipient": 61,
          "score": 74
        },
        {
          "recipient": 65,
          "score": 45
        },
        {
          "recipient": 74,
          "score": 22
        },
        {
          "recipient": 76,
          "score": 22
        },
        {
          "recipient": 78,
          "score": 81
        },
        {
          "recipient": 85,
          "score": 56
        },
        {
          "recipient": 90,
          "score": 22
        },
        {
          "recipient": 99,
          "score": 86
        }
      ],
      "bloodtype": "O"
    }
  },
  "recipients": {
    "0": {
      "cPRA": 0.04835136113015691,
      "bloodtype": "A",
      "hasBloodCompatibleDonor": false
    },
    "1": {
      "cPRA": 1,
      "bloodtype": "A",
      "hasBloodCompatibleDonor": true
    },
    "2": {
      "cPRA": 0.99,
      "bloodtype": "A",
      "hasBloodCompatibleDonor": true
    },
    "3": {
      "cPRA": 1,
      "bloodtype": "O",
      "hasBloodCompatibleDonor": false
    },
    "4": {
      "cPRA": 0.98,
      "bloodtype": "A",
      "hasBloodCompatibleDonor": true
    },
    "5": {
      "cPRA": 0.99,
      "bloodtype": "B",
      "hasBloodCompatibleDonor": true
    },
    "6": {
      "cPRA": 0.96,
      "bloodtype": "O",
      "hasBloodCompatibleDonor": false
    },
    "7": {
      "cPRA": 1,
      "bloodtype": "O",
      "hasBloodCompatibleDonor": true
    },
    "8": {
      "cPRA": 1,
      "bloodtype": "B",
      "hasBloodCompatibleDonor": true
    },
    "9": {
      "cPRA": 0.93,
      "bloodtype": "A",
      "hasBloodCompatibleDonor": true
    },
    "10": {
      "cPRA": 0.7779583206685358,
      "bloodtype": "O",
      "hasBloodCompatibleDonor": true
    },
    "11": {
      "cPRA": 0.99,
      "bloodtype": "O",
      "hasBloodCompatibleDonor": false
    },
    "12": {
      "cPRA": 0.98,
      "bloodtype": "A",
      "hasBloodCompatibleDonor": true
    },
    "13": {
      "cPRA": 1,
      "bloodtype": "O",
      "hasBloodCompatibleDonor": true
    },
    "14": {
      "cPRA": 0.99,
      "bloodtype": "B",
      "hasBloodCompatibleDonor": true
    },
    "15": {
      "cPRA": 1,
      "bloodtype": "A",
      "hasBloodCompatibleDonor": true
    },
    "16": {
      "cPRA": 1,
      "bloodtype": "A",
      "hasBloodCompatibleDonor": true
    },
    "17": {
      "cPRA": 0.94,
      "bloodtype": "B",
      "hasBloodCompatibleDonor": true
    },
    "18": {
      "cPRA": 0.7918491562712002,
      "bloodtype": "O",
      "hasBloodCompatibleDonor": false
    },
    "19": {
      "cPRA": 0.81033185648708,
      "bloodtype": "O",
      "hasBloodCompatibleDonor": false
    },
    "20": {
      "cPRA": 0,
      "bloodtype": "O",
      "hasBloodCompatibleDonor": false
    },
    "21": {
      "cPRA": 0.7897464412943813,
      "bloodtype": "O",
      "hasBloodCompatibleDonor": false
    },
    "22": {
      "cPRA": 1,
      "bloodtype": "AB",
      "hasBloodCompatibleDonor": true
    },
    "23": {
      "cPRA": 0.99,
      "bloodtype": "O",
      "hasBloodCompatibleDonor": true
    },
    "24": {
      "cPRA": 1,
      "bloodtype": "O",
      "hasBloodCompatibleDonor": true
    },
    "25": {
      "cPRA": 0.6668512693225458,
      "bloodtype": "O",
      "hasBloodCompatibleDonor": false
    },
    "26": {
      "cPRA": 1,
      "bloodtype": "O",
      "hasBloodCompatibleDonor": false
    },
    "27": {
      "cPRA": 0.99,
      "bloodtype": "B",
      "hasBloodCompatibleDonor": true
    },
    "28": {
      "cPRA": 0,
      "bloodtype": "O",
      "hasBloodCompatibleDonor": false
    },
    "29": {
      "cPRA": 1,
      "bloodtype": "A",
      "hasBloodCompatibleDonor": true
    },
    "30": {
      "cPRA": 0.99,
      "bloodtype": "O",
      "hasBloodCompatibleDonor": false
    },
    "31": {
      "cPRA": 0.99,
      "bloodtype": "B",
      "hasBloodCompatibleDonor": true
    },
    "32": {
      "cPRA": 0.754683245321228,
      "bloodtype": "O",
      "hasBloodCompatibleDonor": true
    },
    "33": {
      "cPRA": 0.8467154263187311,
      "bloodtype": "A",
      "hasBloodCompatibleDonor": true
    },
    "34": {
      "cPRA": 1,
      "bloodtype": "O",
      "hasBloodCompatibleDonor": true
    },
    "35": {
      "cPRA": 0.95,
      "bloodtype": "A",
      "hasBloodCompatibleDonor": true
    },
    "36": {
      "cPRA": 0.99,
      "bloodtype": "A",
      "hasBloodCompatibleDonor": true
    },
    "37": {
      "cPRA": 1,
      "bloodtype": "O",
      "hasBloodCompatibleDonor": true
    },
    "38": {
      "cPRA": 1,
      "bloodtype": "O",
      "hasBloodCompatibleDonor": true
    },
    "39": {
      "cPRA": 0,
      "bloodtype": "O",
      "hasBloodCompatibleDonor": false
    },
    "40": {
      "cPRA": 1,
      "bloodtype": "O",
      "hasBloodCompatibleDonor": true
    },
    "41": {
      "cPRA": 0.99,
      "bloodtype": "O",
      "hasBloodCompatibleDonor": true
    },
    "42": {
      "cPRA": 0.93,
      "bloodtype": "O",
      "hasBloodCompatibleDonor": false
    },
    "43": {
      "cPRA": 0.93,
      "bloodtype": "O",
      "hasBloodCompatibleDonor": true
    },
    "44": {
      "cPRA": 0.92,
      "bloodtype": "O",
      "hasBloodCompatibleDonor": false
    },
    "45": {
      "cPRA": 1,
      "bloodtype": "O",
      "hasBloodCompatibleDonor": true
    },
    "46": {
      "cPRA": 0,
      "bloodtype": "A",
      "hasBloodCompatibleDonor": false
    },
    "47": {
      "cPRA": 0.99,
      "bloodtype": "B",
      "hasBloodCompatibleDonor": true
    },
    "48": {
      "cPRA": 0.95,
      "bloodtype": "O",
      "hasBloodCompatibleDonor": false
    },
    "49": {
      "cPRA": 0.99,
      "bloodtype": "O",
      "hasBloodCompatibleDonor": true
    },
    "50": {
      "cPRA": 0.93,
      "bloodtype": "O",
      "hasBloodCompatibleDonor": true
    },
    "51": {
      "cPRA": 0.94,
      "bloodtype": "A",
      "hasBloodCompatibleDonor": true
    },
    "52": {
      "cPRA": 1,
      "bloodtype": "O",
      "hasBloodCompatibleDonor": true
    },
    "53": {
      "cPRA": 0.47904563521629134,
      "bloodtype": "A",
      "hasBloodCompatibleDonor": true
    },
    "54": {
      "cPRA": 0.7895497500808459,
      "bloodtype": "O",
      "hasBloodCompatibleDonor": false
    },
    "55": {
      "cPRA": 0.7398837531176703,
      "bloodtype": "O",
      "hasBloodCompatibleDonor": true
    },
    "56": {
      "cPRA": 0,
      "bloodtype": "O",
      "hasBloodCompatibleDonor": false
    },
    "57": {
      "cPRA": 0.5600995623392825,
      "bloodtype": "O",
      "hasBloodCompatibleDonor": true
    },
    "58": {
      "cPRA": 0.655860588323679,
      "bloodtype": "A",
      "hasBloodCompatibleDonor": true
    },
    "59": {
      "cPRA": 0,
      "bloodtype": "O",
      "hasBloodCompatibleDonor": false
    },
    "60": {
      "cPRA": 0,
      "bloodtype": "A",
      "hasBloodCompatibleDonor": false
    },
    "61": {
      "cPRA": 0,
      "bloodtype": "O",
      "hasBloodCompatibleDonor": false
    },
    "62": {
      "cPRA": 0.99,
      "bloodtype": "A",
      "hasBloodCompatibleDonor": true
    },
    "63": {
      "cPRA": 0.97,
      "bloodtype": "O",
      "hasBloodCompatibleDonor": true
    },
    "64": {
      "cPRA": 0.8850333037242675,
      "bloodtype": "O",
      "hasBloodCompatibleDonor": false
    },
    "65": {
      "cPRA": 0,
      "bloodtype": "O",
      "hasBloodCompatibleDonor": false
    },
    "66": {
      "cPRA": 1,
      "bloodtype": "A",
      "hasBloodCompatibleDonor": true
    },
    "67": {
      "cPRA": 1,
      "bloodtype": "A",
      "hasBloodCompatibleDonor": true
    },
    "68": {
      "cPRA": 0,
      "bloodtype": "O",
      "hasBloodCompatibleDonor": false
    },
    "69": {
      "cPRA": 0.92,
      "bloodtype": "B",
      "hasBloodCompatibleDonor": true
    },
    "70": {
      "cPRA": 1,
      "bloodtype": "A",
      "hasBloodCompatibleDonor": true
    },
    "71": {
      "cPRA": 0.99,
      "bloodtype": "O",
      "hasBloodCompatibleDonor": true
    },
    "72": {
      "cPRA": 0.92,
      "bloodtype": "O",
      "hasBloodCompatibleDonor": false
    },
    "73": {
      "cPRA": 0.99,
      "bloodtype": "O",
      "hasBloodCompatibleDonor": false
    },
    "74": {
      "cPRA": 0.34636578650431726,
      "bloodtype": "O",
      "hasBloodCompatibleDonor": false
    },
    "75": {
      "cPRA": 0.7715463681193356,
      "bloodtype": "B",
      "hasBloodCompatibleDonor": false
    },
    "76": {
      "cPRA": 0,
      "bloodtype": "O",
      "hasBloodCompatibleDonor": false
    },
    "77": {
      "cPRA": 1,
      "bloodtype": "B",
      "hasBloodCompatibleDonor": true
    },
    "78": {
      "cPRA": 0,
      "bloodtype": "O",
      "hasBloodCompatibleDonor": false
    },
    "79": {
      "cPRA": 0.7723268646448175,
      "bloodtype": "O",
      "hasBloodCompatibleDonor": false
    },
    "80": {
      "cPRA": 1,
      "bloodtype": "B",
      "hasBloodCompatibleDonor": true
    },
    "81": {
      "cPRA": 0.99,
      "bloodtype": "A",
      "hasBloodCompatibleDonor": true
    },
    "82": {
      "cPRA": 0.99,
      "bloodtype": "O",
      "hasBloodCompatibleDonor": true
    },
    "83": {
      "cPRA": 0.5634360760562264,
      "bloodtype": "O",
      "hasBloodCompatibleDonor": false
    },
    "84": {
      "cPRA": 0.6293469208076335,
      "bloodtype": "O",
      "hasBloodCompatibleDonor": true
    },
    "85": {
      "cPRA": 0.08702259340815968,
      "bloodtype": "O",
      "hasBloodCompatibleDonor": false
    },
    "86": {
      "cPRA": 0,
      "bloodtype": "A",
      "hasBloodCompatibleDonor": true
    },
    "87": {
      "cPRA": 1,
      "bloodtype": "A",
      "hasBloodCompatibleDonor": true
    },
    "88": {
      "cPRA": 1,
      "bloodtype": "A",
      "hasBloodCompatibleDonor": true
    },
    "89": {
      "cPRA": 0.99,
      "bloodtype": "O",
      "hasBloodCompatibleDonor": false
    },
    "90": {
      "cPRA": 0.8788358833996182,
      "bloodtype": "O",
      "hasBloodCompatibleDonor": false
    },
    "91": {
      "cPRA": 0.93,
      "bloodtype": "A",
      "hasBloodCompatibleDonor": true
    },
    "92": {
      "cPRA": 0.95,
      "bloodtype": "A",
      "hasBloodCompatibleDonor": true
    },
    "93": {
      "cPRA": 0.8054359905175233,
      "bloodtype": "O",
      "hasBloodCompatibleDonor": false
    },
    "94": {
      "cPRA": 0.7809212556027376,
      "bloodtype": "A",
      "hasBloodCompatibleDonor": true
    },
    "95": {
      "cPRA": 1,
      "bloodtype": "O",
      "hasBloodCompatibleDonor": false
    },
    "96": {
      "cPRA": 1,
      "bloodtype": "B",
      "hasBloodCompatibleDonor": true
    },
    "97": {
      "cPRA": 0,
      "bloodtype": "O",
      "hasBloodCompatibleDonor": false
    },
    "98": {
      "cPRA": 0.99,
      "bloodtype": "O",
      "hasBloodCompatibleDonor": true
    },
    "99": {
      "cPRA": 0,
      "bloodtype": "B",
      "hasBloodCompatibleDonor": false
    }
  }
}