{
  "data": {
    "0": {
      "sources": [
        0
      ],
      "dage": 52,
      "matches": [
        {
          "recipient": 5,
          "score": 20
        },
        {
          "recipient": 22,
          "score": 44
        },
        {
          "recipient": 31,
          "score": 66
        },
        {
          "recipient": 33,
          "score": 38
        },
        {
          "recipient": 39,
          "score": 21
        }
      ],
      "bloodtype": "B"
    },
    "1": {
      "sources": [
        1
      ],
      "dage": 48,
      "matches": [
        {
          "recipient": 7,
          "score": 30
        },
        {
          "recipient": 10,
          "score": 33
        },
        {
          "recipient": 14,
          "score": 15
        },
        {
          "recipient": 22,
          "score": 19
        },
        {
          "recipient": 23,
          "score": 83
        },
        {
          "recipient": 26,
          "score": 12
        },
        {
          "recipient": 47,
          "score": 21
        },
        {
          "recipient": 49,
          "score": 26
        }
      ],
      "bloodtype": "O"
    },
    "2": {
      "sources": [
        2
      ],
      "dage": 32,
      "matches": [
        {
          "recipient": 5,
          "score": 26
        }
      ],
      "bloodtype": "B"
    },
    "3": {
      "sources": [
        3
      ],
      "dage": 46,
      "bloodtype": "A"
    },
    "4": {
      "sources": [
        4
      ],
      "dage": 48,
      "matches": [
        {
          "recipient": 1,
          "score": 50
        },
        {
          "recipient": 5,
          "score": 63
        },
        {
          "recipient": 7,
          "score": 65
        },
        {
          "recipient": 10,
          "score": 36
        },
        {
          "recipient": 12,
          "score": 48
        },
        {
          "recipient": 14,
          "score": 89
        },
        {
          "recipient": 23,
          "score": 36
        },
        {
          "recipient": 24,
          "score": 41
        },
        {
          "recipient": 38,
          "score": 71
        },
        {
          "recipient": 47,
          "score": 35
        },
        {
          "recipient": 49,
          "score": 42
        }
      ],
      "bloodtype": "O"
    },
    "5": {
      "sources": [
        5
      ],
      "dage": 18,
      "bloodtype": "A"
    },
    "6": {
      "sources": [
        6
      ],
      "dage": 65,
      "matches": [
        {
          "recipient": 4,
          "score": 4
        },
        {
          "recipient": 5,
          "score": 32
        },
        {
          "recipient": 10,
          "score": 27
        },
        {
          "recipient": 14,
          "score": 68
        },
        {
          "recipient": 23,
          "score": 46
        },
        {
          "recipient": 26,
          "score": 27
        },
        {
          "recipient": 49,
          "score": 51
        }
      ],
      "bloodtype": "O"
    },
    "7": {
      "sources": [
        7
      ],
      "dage": 43,
      "bloodtype": "A"
    },
    "8": {
      "sources": [
        8
      ],
      "dage": 37,
      "bloodtype": "A"
    },
    "9": {
      "sources": [
        9
      ],
      "dage": 58,
      "matches": [
        {
          "recipient": 5,
          "score": 84
        },
        {
          "recipient": 22,
          "score": 90
        },
        {
          "recipient": 31,
          "score": 6
        },
        {
          "recipient": 38,
          "score": 24
        }
      ],
      "bloodtype": "B"
    },
    "10": {
      "sources": [
        10
      ],
      "dage": 20,
      "matches": [
        {
          "recipient": 1,
          "score": 64
        },
        {
          "recipient": 5,
          "score": 38
        },
        {
          "recipient": 12,
          "score": 43
        },
        {
          "recipient": 14,
          "score": 62
        },
        {
          "recipient": 22,
          "score": 1
        },
        {
          "recipient": 23,
          "score": 50
        },
        {
          "recipient": 24,
          "score": 9
        },
        {
          "recipient": 36,
          "score": 6
        },
        {
          "recipient": 43,
          "score": 19
        },
        {
          "recipient": 48,
          "score": 39
        },
        {
          "recipient": 49,
          "score": 13
        }
      ],
      "bloodtype": "O"
    },
    "11": {
      "sources": [
        11
      ],
      "dage": 45,
      "matches": [
        {
          "recipient": 5,
          "score": 31
        },
        {
          "recipient": 10,
          "score": 1
        },
        {
          "recipient": 14,
          "score": 3
        },
        {
          "recipient": 19,
          "score": 22
        },
        {
          "recipient": 23,
          "score": 51
        },
        {
          "recipient": 24,
          "score": 54
        },
        {
          "recipient": 27,
          "score": 24
        },
        {
          "recipient": 38,
          "score": 66
        }
      ],
      "bloodtype": "O"
    },
    "12": {
      "sources": [
        12
      ],
      "dage": 56,
      "bloodtype": "A"
    },
    "13": {
      "sources": [
        13
      ],
      "dage": 28,
      "bloodtype": "AB"
    },
    "14": {
      "sources": [
        14
      ],
      "dage": 28,
      "bloodtype": "A"
    },
    "15": {
      "sources": [
        15
      ],
      "dage": 27,
      "bloodtype": "A"
    },
    "16": {
      "sources": [
        16
      ],
      "dage": 52,
      "matches": [
        {
          "recipient": 1,
          "score": 90
        },
        {
          "recipient": 5,
          "score": 90
        },
        {
          "recipient": 10,
          "score": 38
        },
        {
          "recipient": 14,
          "score": 46
        },
        {
          "recipient": 19,
          "score": 43
        },
        {
          "recipient": 22,
          "score": 14
        },
        {
          "recipient": 23,
          "score": 58
        },
        {
          "recipient": 26,
          "score": 48
        },
        {
          "recipient": 31,
          "score": 72
        },
        {
          "recipient": 47,
          "score": 10
        }
      ],
      "bloodtype": "O"
    },
    "17": {
      "sources": [
        17
      ],
      "dage": 68,
      "matches": [
        {
          "recipient": 5,
          "score": 60
        },
        {
          "recipient": 10,
          "score": 80
        },
        {
          "recipient": 12,
          "score": 78
        },
        {
          "recipient": 14,
          "score": 14
        },
        {
          "recipient": 19,
          "score": 49
        },
        {
          "recipient": 23,
          "score": 47
        },
        {
          "recipient": 36,
          "score": 10
        },
        {
          "recipient": 49,
          "score": 89
        }
      ],
      "bloodtype": "O"
    },
    "18": {
      "sources": [
        18
      ],
      "dage": 23,
      "matches": [
        {
          "recipient": 1,
          "score": 83
        },
        {
          "recipient": 5,
          "score": 29
        },
        {
          "recipient": 10,
          "score": 57
        },
        {
          "recipient": 14,
          "score": 48
        },
        {
          "recipient": 22,
          "score": 74
        },
        {
          "recipient": 23,
          "score": 57
        },
        {
          "recipient": 31,
          "score": 60
        },
        {
          "recipient": 38,
          "score": 16
        }
      ],
      "bloodtype": "O"
    },
    "19": {
      "sources": [
        19
      ],
      "dage": 28,
      "bloodtype": "A"
    },
    "20": {
      "sources": [
        20
      ],
      "dage": 23,
      "matches": [
        {
          "recipient": 5,
          "score": 65
        },
        {
          "recipient": 8,
          "score": 16
        },
        {
          "recipient": 10,
          "score": 45
        },
        {
          "recipient": 12,
          "score": 38
        },
        {
          "recipient": 14,
          "score": 76
        },
        {
          "recipient": 18,
          "score": 7
        },
        {
          "recipient": 19,
          "score": 60
        },
        {
          "recipient": 23,
          "score": 87
        },
        {
          "recipient": 26,
          "score": 27
        },
        {
          "recipient": 30,
          "score": 50
        },
        {
          "recipient": 46,
          "score": 84
        },
        {
          "recipient": 49,
          "score": 55
        }
      ],
      "bloodtype": "O"
    },
    "21": {
      "sources": [
        21
      ],
      "dage": 56,
      "matches": [
        {
          "recipient": 5,
          "score": 34
        },
        {
          "recipient": 6,
          "score": 62
        },
        {
          "recipient": 7,
          "score": 74
        },
        {
          "recipient": 19,
          "score": 79
        },
        {
          "recipient": 23,
          "score": 4
        },
        {
          "recipient": 24,
          "score": 3
        },
        {
          "recipient": 26,
          "score": 24
        },
        {
          "recipient": 31,
          "score": 53
        },
        {
          "recipient": 38,
          "score": 32
        },
        {
          "recipient": 43,
          "score": 60
        },
        {
          "recipient": 49,
          "score": 37
        }
      ],
      "bloodtype": "O"
    },
    "22": {
      "sources": [
        22
      ],
      "dage": 22,
      "bloodtype": "AB"
    },
    "23": {
      "sources": [
        23
      ],
      "dage": 29,
      "matches": [
        {
          "recipient": 2,
          "score": 62
        }
      ],
      "bloodtype": "A"
    },
    "24": {
      "sources": [
        24
      ],
      "dage": 55,
      "bloodtype": "A"
    },
    "25": {
      "sources": [
        25
      ],
      "dage": 43,
      "bloodtype": "AB"
    },
    "26": {
      "sources": [
        26
      ],
      "dage": 23,
      "matches": [
        {
          "recipient": 5,
          "score": 22
        }
      ],
      "bloodtype": "B"
    },
    "27": {
      "sources": [
        27
      ],
      "dage": 33,
      "matches": [
        {
          "recipient": 44,
          "score": 69
        }
      ],
      "bloodtype": "AB"
    },
    "28": {
      "sources": [
        28
      ],
      "dage": 27,
      "matches": [
        {
          "recipient": 5,
          "score": 66
        },
        {
          "recipient": 7,
          "score": 70
        },
        {
          "recipient": 10,
          "score": 23
        },
        {
          "recipient": 14,
          "score": 72
        },
        {
          "recipient": 23,
          "score": 89
        },
        {
          "recipient": 24,
          "score": 19
        },
        {
          "recipient": 26,
          "score": 79
        },
        {
          "recipient": 38,
          "score": 60
        },
        {
          "recipient": 49,
          "score": 48
        }
      ],
      "bloodtype": "O"
    },
    "29": {
      "sources": [
        29
      ],
      "dage": 46,
      "matches": [
        {
          "recipient": 5,
          "score": 42
        },
        {
          "recipient": 10,
          "score": 47
        },
        {
          "recipient": 12,
          "score": 75
        },
        {
          "recipient": 14,
          "score": 27
        },
        {
          "recipient": 23,
          "score": 37
        },
        {
          "recipient": 31,
          "score": 11
        },
        {
          "recipient": 47,
          "score": 88
        },
        {
          "recipient": 48,
          "score": 32
        }
      ],
      "bloodtype": "O"
    },
    "30": {
      "sources": [
        30
      ],
      "dage": 62,
      "bloodtype": "A"
    },
    "31": {
      "sources": [
        31
      ],
      "dage": 32,
      "matches": [
        {
          "recipient": 39,
          "score": 55
        }
      ],
      "bloodtype": "A"
    },
    "32": {
      "sources": [
        32
      ],
      "dage": 37,
      "matches": [
        {
          "recipient": 24,
          "score": 42
        }
      ],
      "bloodtype": "A"
    },
    "33": {
      "sources": [
        33
      ],
      "dage": 30,
      "bloodtype": "AB"
    },
    "34": {
      "sources": [
        34
      ],
      "dage": 32,
      "matches": [
        {
          "recipient": 1,
          "score": 90
        },
        {
          "recipient": 5,
          "score": 2
        },
        {
          "recipient": 10,
          "score": 46
        },
        {
          "recipient": 12,
          "score": 46
        },
        {
          "recipient": 14,
          "score": 46
        },
        {
          "recipient": 23,
          "score": 55
        },
        {
          "recipient": 31,
          "score": 33
        }
      ],
      "bloodtype": "O"
    },
    "35": {
      "sources": [
        35
      ],
      "dage": 36,
      "matches": [
        {
          "recipient": 10,
          "score": 47
        },
        {
          "recipient": 19,
          "score": 79
        },
        {
          "recipient": 21,
          "score": 10
        },
        {
          "recipient": 22,
          "score": 32
        },
        {
          "recipient": 23,
          "score": 61
        },
        {
          "recipient": 25,
          "score": 46
        },
        {
          "recipient": 31,
          "score": 21
        },
        {
          "recipient": 38,
          "score": 42
        },
        {
          "recipient": 47,
          "score": 65
        },
        {
          "recipient": 49,
          "score": 72
        }
      ],
      "bloodtype": "O"
    },
    "36": {
      "sources": [
        36
      ],
      "dage": 59,
      "matches": [
        {
          "recipient": 5,
          "score": 42
        },
        {
          "recipient": 10,
          "score": 38
        },
        {
          "recipient": 14,
          "score": 20
        },
        {
          "recipient": 19,
          "score": 1
        },
        {
          "recipient": 22,
          "score": 86
        },
        {
          "recipient": 23,
          "score": 61
        },
        {
          "recipient": 25,
          "score": 17
        },
        {
          "recipient": 27,
          "score": 12
        },
        {
          "recipient": 38,
          "score": 88
        },
        {
          "recipient": 47,
          "score": 85
        },
        {
          "recipient": 49,
          "score": 47
        }
      ],
      "bloodtype": "O"
    },
    "37": {
      "sources": [
        37
      ],
      "dage": 42,
      "matches": [
        {
          "recipient": 1,
          "score": 68
        },
        {
          "recipient": 5,
          "score": 19
        },
        {
          "recipient": 10,
          "score": 53
        },
        {
          "recipient": 11,
          "score": 71
        },
        {
          "recipient": 12,
          "score": 23
        },
        {
          "recipient": 14,
          "score": 80
        },
        {
          "recipient": 23,
          "score": 62
        },
        {
          "recipient": 31,
          "score": 5
        },
        {
          "recipient": 38,
          "score": 5
        },
        {
          "recipient": 44,
          "score": 14
        },
        {
          "recipient": 47,
          "score": 42
        }
      ],
      "bloodtype": "O"
    },
    "38": {
      "sources": [
        38
      ],
      "dage": 49,
      "bloodtype": "A"
    },
    "39": {
      "sources": [
        39
      ],
      "dage": 26,
      "matches": [
        {
          "recipient": 2,
          "score": 32
        },
        {
          "recipient": 5,
          "score": 69
        },
        {
          "recipient": 10,
          "score": 38
        },
        {
          "recipient": 12,
          "score": 62
        },
        {
          "recipient": 14,
          "score": 19
        },
        {
          "recipient": 18,
          "score": 19
        },
        {
          "recipient": 23,
          "score": 52
        },
        {
          "recipient": 24,
          "score": 75
        },
        {
          "recipient": 49,
          "score": 28
        }
      ],
      "bloodtype": "O"
    },
    "40": {
      "sources": [
        40
      ],
      "dage": 24,
      "matches": [
        {
          "recipient": 5,
          "score": 64
        },
        {
          "recipient": 31,
          "score": 64
        }
      ],
      "bloodtype": "B"
    },
    "41": {
      "sources": [
        41
      ],
      "dage": 51,
      "matches": [
        {
          "recipient": 5,
          "score": 77
        },
        {
          "recipient": 10,
          "score": 66
        },
        {
          "recipient": 12,
          "score": 67
        },
        {
          "recipient": 17,
          "score": 57
        },
        {
          "recipient": 19,
          "score": 69
        },
        {
          "recipient": 23,
          "score": 39
        },
        {
          "recipient": 26,
          "score": 16
        },
        {
          "recipient": 33,
          "score": 5
        },
        {
          "recipient": 38,
          "score": 88
        }
      ],
      "bloodtype": "O"
    },
    "42": {
      "sources": [
        42
      ],
      "dage": 20,
      "matches": [
        {
          "recipient": 5,
          "score": 14
        },
        {
          "recipient": 10,
          "score": 79
        },
        {
          "recipient": 13,
          "score": 12
        },
        {
          "recipient": 14,
          "score": 35
        },
        {
          "recipient": 19,
          "score": 58
        },
        {
          "recipient": 23,
          "score": 11
        },
        {
          "recipient": 24,
          "score": 83
        },
        {
          "recipient": 25,
          "score": 85
        },
        {
          "recipient": 47,
          "score": 50
        },
        {
          "recipient": 48,
          "score": 16
        },
        {
          "recipient": 49,
          "score": 27
        }
      ],
      "bloodtype": "O"
    },
    "43": {
      "sources": [
        43
      ],
      "dage": 68,
      "matches": [
        {
          "recipient": 5,
          "score": 60
        },
        {
          "recipient": 31,
          "score": 10
        },
        {
          "recipient": 38,
          "score": 23
        }
      ],
      "bloodtype": "B"
    },
    "44": {
      "sources": [
        44
      ],
      "dage": 55,
      "matches": [
        {
          "recipient": 24,
          "score": 78
        }
      ],
      "bloodtype": "A"
    },
    "45": {
      "sources": [
        45
      ],
      "dage": 29,
      "matches": [
        {
          "recipient": 7,
          "score": 38
        },
        {
          "recipient": 10,
          "score": 72
        },
        {
          "recipient": 14,
          "score": 8
        },
        {
          "recipient": 19,
          "score": 55
        },
        {
          "recipient": 23,
          "score": 61
        },
        {
          "recipient": 31,
          "score": 12
        }
      ],
      "bloodtype": "O"
    },
    "46": {
      "sources": [
        46
      ],
      "dage": 35,
      "matches": [
        {
          "recipient": 24,
          "score": 49
        }
      ],
      "bloodtype": "A"
    },
    "47": {
      "sources": [
        47
      ],
      "dage": 61,
      "matches": [
        {
          "recipient": 11,
          "score": 78
        }
      ],
      "bloodtype": "A"
    },
    "48": {
      "sources": [
        48
      ],
      "dage": 44,
      "bloodtype": "A"
    },
    "49": {
      "sources": [
        49
      ],
      "dage": 44,
      "bloodtype": "A"
    },
    "50": {
      "altruistic": true,
      "dage": 46,
      "matches": [
        {
          "recipient": 25,
          "score": 69
        }
      ],
      "bloodtype": "A"
    },
    "51": {
      "altruistic": true,
      "dage": 18,
      "matches": [
        {
          "recipient": 5,
          "score": 5
        },
        {
          "recipient": 10,
          "score": 28
        },
        {
          "recipient": 12,
          "score": 56
        },
        {
          "recipient": 14,
          "score": 9
        },
        {
          "recipient": 18,
          "score": 86
        },
        {
          "recipient": 22,
          "score": 89
        },
        {
          "recipient": 23,
          "score": 24
        },
        {
          "recipient": 25,
          "score": 90
        },
        {
          "recipient": 47,
          "score": 54
        }
      ],
      "bloodtype": "O"
    }
  },
  "recipients": {
    "0": {
      "cPRA": 0.92,
      "bloodtype": "O",
      "hasBloodCompatibleDonor": false
    },
    "1": {
      "cPRA": 0.5338914870851298,
      "bloodtype": "O",
      "hasBloodCompatibleDonor": true
    },
    "2": {
      "cPRA": 0.95,
      "bloodtype": "A",
      "hasBloodCompatibleDonor": false
    },
    "3": {
      "cPRA": 1,
      "bloodtype": "A",
      "hasBloodCompatibleDonor": true
    },
    "4": {
      "cPRA": 0.98,
      "bloodtype": "O",
      "hasBloodCompatibleDonor": true
    },
    "5": {
      "cPRA": 0,
      "bloodtype": "B",
      "hasBloodCompatibleDonor": false
    },
    "6": {
      "cPRA": 0,
      "bloodtype": "O",
      "hasBloodCompatibleDonor": true
    },
    "7": {
      "cPRA": 0.8566465142606348,
      "bloodtype": "O",
      "hasBloodCompatibleDonor": false
    },
    "8": {
      "cPRA": 0.8073056835179229,
      "bloodtype": "O",
      "hasBloodCompatibleDonor": false
    },
    "9": {
      "cPRA": 0.99,
      "bloodtype": "O",
      "hasBloodCompatibleDonor": false
    },
    "10": {
      "cPRA": 0,
      "bloodtype": "O",
      "hasBloodCompatibleDonor": true
    },
    "11": {
      "cPRA": 0,
      "bloodtype": "A",
      "hasBloodCompatibleDonor": true
    },
    "12": {
      "cPRA": 0,
      "bloodtype": "O",
      "hasBloodCompatibleDonor": false
    },
    "13": {
      "cPRA": 0.99,
      "bloodtype": "A",
      "hasBloodCompatibleDonor": false
    },
    "14": {
      "cPRA": 0,
      "bloodtype": "O",
      "hasBloodCompatibleDonor": false
    },
    "15": {
      "cPRA": 1,
      "bloodtype": "A",
      "hasBloodCompatibleDonor": true
    },
    "16": {
      "cPRA": 1,
      "bloodtype": "O",
      "hasBloodCompatibleDonor": true
    },
    "17": {
      "cPRA": 1,
      "bloodtype": "O",
      "hasBloodCompatibleDonor": true
    },
    "18": {
      "cPRA": 0.6454068763683433,
      "bloodtype": "O",
      "hasBloodCompatibleDonor": true
    },
    "19": {
      "cPRA": 0.3462320092083029,
      "bloodtype": "O",
      "hasBloodCompatibleDonor": false
    },
    "20": {
      "cPRA": 0.99,
      "bloodtype": "O",
      "hasBloodCompatibleDonor": true
    },
    "21": {
      "cPRA": 1,
      "bloodtype": "O",
      "hasBloodCompatibleDonor": true
    },
    "22": {
      "cPRA": 0,
      "bloodtype": "B",
      "hasBloodCompatibleDonor": false
    },
    "23": {
      "cPRA": 0,
      "bloodtype": "O",
      "hasBloodCompatibleDonor": false
    },
    "24": {
      "cPRA": 0.6701392172929035,
      "bloodtype": "A",
      "hasBloodCompatibleDonor": true
    },
    "25": {
      "cPRA": 0.7766908512474126,
      "bloodtype": "A",
      "hasBloodCompatibleDonor": false
    },
    "26": {
      "cPRA": 0.5524535640627233,
      "bloodtype": "O",
      "hasBloodCompatibleDonor": false
    },
    "27": {
      "cPRA": 0.91,
      "bloodtype": "O",
      "hasBloodCompatibleDonor": false
    },
    "28": {
      "cPRA": 0.99,
      "bloodtype": "O",
      "hasBloodCompatibleDonor": true
    },
    "29": {
      "cPRA": 0.98,
      "bloodtype": "O",
      "hasBloodCompatibleDonor": true
    },
    "30": {
      "cPRA": 0.92,
      "bloodtype": "B",
      "hasBloodCompatibleDonor": false
    },
    "31": {
      "cPRA": 0.25783728641252296,
      "bloodtype": "B",
      "hasBloodCompatibleDonor": false
    },
    "32": {
      "cPRA": 0.897284801612989,
      "bloodtype": "O",
      "hasBloodCompatibleDonor": false
    },
    "33": {
      "cPRA": 0.97,
      "bloodtype": "B",
      "hasBloodCompatibleDonor": false
    },
    "34": {
      "cPRA": 0.99,
      "bloodtype": "O",
      "hasBloodCompatibleDonor": true
    },
    "35": {
      "cPRA": 1,
      "bloodtype": "O",
      "hasBloodCompatibleDonor": true
    },
    "36": {
      "cPRA": 0.95,
      "bloodtype": "O",
      "hasBloodCompatibleDonor": true
    },
    "37": {
      "cPRA": 0.98,
      "bloodtype": "O",
      "hasBloodCompatibleDonor": true
    },
    "38": {
      "cPRA": 0,
      "bloodtype": "B",
      "hasBloodCompatibleDonor": false
    },
    "39": {
      "cPRA": 0.95,
      "bloodtype": "AB",
      "hasBloodCompatibleDonor": true
    },
    "40": {
      "cPRA": 0.98,
      "bloodtype": "B",
      "hasBloodCompatibleDonor": true
    },
    "41": {
      "cPRA": 0.97,
      "bloodtype": "O",
      "hasBloodCompatibleDonor": true
    },
    "42": {
      "cPRA": 0.93,
      "bloodtype": "O",
      "hasBloodCompatibleDonor": true
    },
    "43": {
      "cPRA": 0.7808273955952514,
      "bloodtype": "B",
      "hasBloodCompatibleDonor": true
    },
    "44": {
      "cPRA": 0.97,
      "bloodtype": "AB",
      "hasBloodCompatibleDonor": true
    },
    "45": {
      "cPRA": 0.99,
      "bloodtype": "A",
      "hasBloodCompatibleDonor": true
    },
    "46": {
      "cPRA": 0.8106529643359794,
      "bloodtype": "O",
      "hasBloodCompatibleDonor": false
    },
    "47": {
      "cPRA": 0,
      "bloodtype": "O",
      "hasBloodCompatibleDonor": false
    },
    "48": {
      "cPRA": 0,
      "bloodtype": "O",
      "hasBloodCompatibleDonor": false
    },
    "49": {
      "cPRA": 0,
      "bloodtype": "O",
      "hasBloodCompatibleDonor": false
    }
  }
}