{
  "data": {
    "0": {
      "sources": [
        0
      ],
      "dage": 46,
      "bloodtype": "B"
    },
    "1": {
      "sources": [
        1
      ],
      "dage": 61,
      "matches": [
        {
          "recipient": 8,
          "score": 75
        }
      ],
      "bloodtype": "B"
    },
    "2": {
      "sources": [
        2
      ],
      "dage": 21,
      "matches": [
        {
          "recipient": 1,
          "score": 6
        },
        {
          "recipient": 8,
          "score": 74
        },
        {
          "recipient": 17,
          "score": 74
        },
        {
          "recipient": 19,
          "score": 34
        },
        {
          "recipient": 25,
          "score": 34
        },
        {
          "recipient": 27,
          "score": 82
        },
        {
          "recipient": 35,
          "score": 82
        },
        {
          "recipient": 39,
          "score": 23
        }
      ],
      "bloodtype": "O"
    },
    "3": {
      "sources": [
        3
      ],
      "dage": 58,
      "matches": [
        {
          "recipient": 39,
          "score": 17
        }
      ],
      "bloodtype": "A"
    },
    "4": {
      "sources": [
        4
      ],
      "dage": 46,
      "matches": [
        {
          "recipient": 3,
          "score": 27
        }
      ],
      "bloodtype": "A"
    },
    "5": {
      "sources": [
        5
      ],
      "dage": 65,
      "matches": [
        {
          "recipient": 8,
          "score": 21
        },
        {
          "recipient": 39,
          "score": 34
        }
      ],
      "bloodtype": "A"
    },
    "6": {
      "sources": [
        6
      ],
      "dage": 50,
      "matches": [
        {
          "recipient": 46,
          "score": 70
        }
      ],
      "bloodtype": "B"
    },
    "7": {
      "sources": [
        7
      ],
      "dage": 60,
      "matches": [
        {
          "recipient": 47,
          "score": 80
        }
      ],
      "bloodtype": "B"
    },
    "8": {
      "sources": [
        8
      ],
      "dage": 20,
      "matches": [
        {
          "recipient": 39,
          "score": 45
        }
      ],
      "bloodtype": "A"
    },
    "9": {
      "sources": [
        9
      ],
      "dage": 63,
      "matches": [
        {
          "recipient": 17,
          "score": 27
        },
        {
          "recipient": 25,
          "score": 30
        },
        {
          "recipient": 35,
          "score": 29
        },
        {
          "recipient": 37,
          "score": 73
        },
        {
          "recipient": 39,
          "score": 63
        },
        {
          "recipient": 44,
          "score": 54
        },
        {
          "recipient": 46,
          "score": 56
        }
      ],
      "bloodtype": "O"
    },
    "10": {
      "sources": [
        10
      ],
      "dage": 40,
      "matches": [
        {
          "recipient": 18,
          "score": 21
        }
      ],
      "bloodtype": "A"
    },
    "11": {
      "sources": [
        11
      ],
      "dage": 53,
      "bloodtype": "A"
    },
    "12": {
      "sources": [
        12
      ],
      "dage": 54,
      "matches": [
        {
          "recipient": 1,
          "score": 84
        },
        {
          "recipient": 3,
          "score": 72
        },
        {
          "recipient": 7,
          "score": 23
        },
        {
          "recipient": 25,
          "score": 34
        },
        {
          "recipient": 35,
          "score": 81
        },
        {
          "recipient": 41,
          "score": 59
        }
      ],
      "bloodtype": "O"
    },
    "13": {
      "sources": [
        13
      ],
      "dage": 67,
      "matches": [
        {
          "recipient": 1,
          "score": 35
        },
        {
          "recipient": 17,
          "score": 60
        },
        {
          "recipient": 18,
          "score": 40
        },
        {
          "recipient": 25,
          "score": 70
        },
        {
          "recipient": 35,
          "score": 76
        },
        {
          "recipient": 37,
          "score": 16
        },
        {
          "recipient": 39,
          "score": 11
        }
      ],
      "bloodtype": "O"
    },
    "14": {
      "sources": [
        14
      ],
      "dage": 63,
      "bloodtype": "A"
    },
    "15": {
      "sources": [
        15
      ],
      "dage": 53,
      "matches": [
        {
          "recipient": 25,
          "score": 79
        },
        {
          "recipient": 35,
          "score": 39
        },
        {
          "recipient": 43,
          "score": 76
        }
      ],
      "bloodtype": "O"
    },
    "16": {
      "sources": [
        16
      ],
      "dage": 42,
      "matches": [
        {
          "recipient": 8,
          "score": 17
        }
      ],
      "bloodtype": "A"
    },
    "17": {
      "sources": [
        17
      ],
      "dage": 47,
      "matches": [
        {
          "recipient": 43,
          "score": 44
        }
      ],
      "bloodtype": "A"
    },
    "18": {
      "sources": [
        18
      ],
      "dage": 25,
      "bloodtype": "A"
    },
    "19": {
      "sources": [
        19
      ],
      "dage": 20,
      "bloodtype": "A"
    },
    "20": {
      "sources": [
        20
      ],
      "dage": 33,
      "bloodtype": "A"
    },
    "21": {
      "sources": [
        21
      ],
      "dage": 46,
      "bloodtype": "B"
    },
    "22": {
      "sources": [
        22
      ],
      "dage": 27,
      "matches": [
        {
          "recipient": 0,
          "score": 42
        },
        {
          "recipient": 17,
          "score": 24
        },
        {
          "recipient": 25,
          "score": 10
        },
        {
          "recipient": 35,
          "score": 37
        },
        {
          "recipient": 37,
          "score": 8
        },
        {
          "recipient": 40,
          "score": 90
        },
        {
          "recipient": 41,
          "score": 9
        },
        {
          "recipient": 48,
          "score": 49
        }
      ],
      "bloodtype": "O"
    },
    "23": {
      "sources": [
        23
      ],
      "dage": 36,
      "matches": [
        {
          "recipient": 5,
          "score": 37
        },
        {
          "recipient": 18,
          "score": 40
        },
        {
          "recipient": 39,
          "score": 85
        }
      ],
      "bloodtype": "A"
    },
    "24": {
      "sources": [
        24
      ],
      "dage": 31,
      "bloodtype": "A"
    },
    "25": {
      "sources": [
        25
      ],
      "dage": 59,
      "matches": [
        {
          "recipient": 1,
          "score": 44
        },
        {
          "recipient": 4,
          "score": 75
        },
        {
          "recipient": 17,
          "score": 50
        },
        {
          "recipient": 18,
          "score": 70
        },
        {
          "recipient": 35,
          "score": 10
        },
        {
          "recipient": 37,
          "score": 30
        },
        {
          "recipient": 41,
          "score": 61
        }
      ],
      "bloodtype": "O"
    },
    "26": {
      "sources": [
        26
      ],
      "dage": 53,
      "matches": [
        {
          "recipient": 18,
          "score": 80
        }
      ],
      "bloodtype": "A"
    },
    "27": {
      "sources": [
        27
      ],
      "dage": 31,
      "matches": [
        {
          "recipient": 0,
          "score": 67
        },
        {
          "recipient": 1,
          "score": 80
        },
        {
          "recipient": 7,
          "score": 12
        },
        {
          "recipient": 17,
          "score": 30
        },
        {
          "recipient": 25,
          "score": 25
        },
        {
          "recipient": 35,
          "score": 10
        },
        {
          "recipient": 37,
          "score": 27
        },
        {
          "recipient": 48,
          "score": 15
        }
      ],
      "bloodtype": "O"
    },
    "28": {
      "sources": [
        28
      ],
      "dage": 64,
      "bloodtype": "B"
    },
    "29": {
      "sources": [
        29
      ],
      "dage": 55,
      "matches": [
        {
          "recipient": 0,
          "score": 62
        },
        {
          "recipient": 1,
          "score": 31
        },
        {
          "recipient": 17,
          "score": 10
        },
        {
          "recipient": 25,
          "score": 64
        },
        {
          "recipient": 35,
          "score": 43
        },
        {
          "recipient": 37,
          "score": 29
        },
        {
          "recipient": 41,
          "score": 60
        },
        {
          "recipient": 46,
          "score": 6
        },
        {
          "recipient": 48,
          "score": 4
        }
      ],
      "bloodtype": "O"
    },
    "30": {
      "sources": [
        30
      ],
      "dage": 21,
      "bloodtype": "A"
    },
    "31": {
      "sources": [
        31
      ],
      "dage": 46,
      "matches": [
        {
          "recipient": 8,
          "score": 39
        }
      ],
      "bloodtype": "A"
    },
    "32": {
      "sources": [
        32
      ],
      "dage": 64,
      "matches": [
        {
          "recipient": 39,
          "score": 88
        }
      ],
      "bloodtype": "A"
    },
    "33": {
      "sources": [
        33
      ],
      "dage": 18,
      "matches": [
        {
          "recipient": 17,
          "score": 19
        },
        {
          "recipient": 18,
          "score": 47
        },
        {
          "recipient": 25,
          "score": 26
        },
        {
          "recipient": 35,
          "score": 16
        },
        {
          "recipient": 37,
          "score": 6
        },
        {
          "recipient": 43,
          "score": 24
        }
      ],
      "bloodtype": "O"
    },
    "34": {
      "sources": [
        34
      ],
      "dage": 48,
      "matches": [
        {
          "recipient": 7,
          "score": 27
        },
        {
          "recipient": 17,
          "score": 49
        },
        {
          "recipient": 37,
          "score": 49
        },
        {
          "recipient": 39,
          "score": 16
        },
        {
          "recipient": 41,
          "score": 53
        }
      ],
      "bloodtype": "O"
    },
    "35": {
      "sources": [
        35
      ],
      "dage": 63,
      "bloodtype": "AB"
    },
    "36": {
      "sources": [
        36
      ],
      "dage": 57,
      "matches": [
        {
          "recipient": 1,
          "score": 16
        },
        {
          "recipient": 2,
          "score": 14
        },
        {
          "recipient": 8,
          "score": 83
        },
        {
          "recipient": 17,
          "score": 32
        },
        {
          "recipient": 25,
          "score": 48
        },
        {
          "recipient": 35,
          "score": 3
        },
        {
          "recipient": 37,
          "score": 41
        }
      ],
      "bloodtype": "O"
    },
    "37": {
      "sources": [
        37
      ],
      "dage": 39,
      "matches": [
        {
          "recipient": 30,
          "score": 51
        },
        {
          "recipient": 39,
          "score": 73
        }
      ],
      "bloodtype": "A"
    },
    "38": {
      "sources": [
        38
      ],
      "dage": 22,
      "matches": [
        {
          "recipient": 8,
          "score": 69
        },
        {
          "recipient": 39,
          "score": 66
        }
      ],
      "bloodtype": "A"
    },
    "39": {
      "sources": [
        39
      ],
      "dage": 44,
      "bloodtype": "A"
    },
    "40": {
      "sources": [
        40
      ],
      "dage": 51,
      "matches": [
        {
          "recipient": 0,
          "score": 2
        },
        {
          "recipient": 6,
          "score": 6
        },
        {
          "recipient": 10,
          "score": 34
        },
        {
          "recipient": 17,
          "score": 74
        },
        {
          "recipient": 25,
          "score": 83
        },
        {
          "recipient": 35,
          "score": 3
        },
        {
          "recipient": 37,
          "score": 5
        }
      ],
      "bloodtype": "O"
    },
    "41": {
      "sources": [
        41
      ],
      "dage": 41,
      "matches": [
        {
          "recipient": 8,
          "score": 58
        },
        {
          "recipient": 39,
          "score": 83
        }
      ],
      "bloodtype": "A"
    },
    "42": {
      "sources": [
        42
      ],
      "dage": 54,
      "matches": [
        {
          "recipient": 18,
          "score": 27
        }
      ],
      "bloodtype": "A"
    },
    "43": {
      "sources": [
        43
      ],
      "dage": 47,
      "matches": [
        {
          "recipient": 30,
          "score": 27
        }
      ],
      "bloodtype": "A"
    },
    "44": {
      "sources": [
        44
      ],
      "dage": 62,
      "bloodtype": "AB"
    },
    "45": {
      "sources": [
        45
      ],
      "dage": 67,
      "bloodtype": "A"
    },
    "46": {
      "sources": [
        46
      ],
      "dage": 50,
      "bloodtype": "B"
    },
    "47": {
      "sources": [
        47
      ],
      "dage": 40,
      "bloodtype": "A"
    },
    "48": {
      "sources": [
        48
      ],
      "dage": 21,
      "matches": [
        {
          "recipient": 17,
          "score": 86
        },
        {
          "recipient": 25,
          "score": 52
        },
        {
          "recipient": 35,
          "score": 29
        },
        {
          "recipient": 37,
          "score": 66
        },
        {
          "recipient": 39,
          "score": 21
        }
      ],
      "bloodtype": "O"
    },
    "49": {
      "sources": [
        49
      ],
      "dage": 24,
      "matches": [
        {
          "recipient": 30,
          "score": 47
        }
      ],
      "bloodtype": "A"
    },
    "50": {
      "altruistic": true,
      "dage": 38,
      "matches": [
        {
          "recipient": 18,
          "score": 49
        }
      ],
      "bloodtype": "A"
    },
    "51": {
      "altruistic": true,
      "dage": 21,
      "matches": [
        {
          "recipient": 1,
          "score": 85
        },
        {
          "recipient": 2,
          "score": 46
        },
        {
          "recipient": 15,
          "score": 16
        },
        {
          "recipient": 17,
          "score": 16
        },
        {
          "recipient": 18,
          "score": 5
        },
        {
          "recipient": 25,
          "score": 26
        },
        {
          "recipient": 35,
          "score": 33
        },
        {
          "recipient": 37,
          "score": 23
        },
        {
          "recipient": 39,
          "score": 78
        },
        {
          "recipient": 41,
          "score": 2
        }
      ],
      "bloodtype": "O"
    },
    "52": {
      "altruistic": true,
      "dage": 26,
      "matches": [
        {
          "recipient": 1,
          "score": 82
        },
        {
          "recipient": 7,
          "score": 30
        },
        {
          "recipient": 8,
          "score": 30
        },
        {
          "recipient": 17,
          "score": 35
        },
        {
          "recipient": 25,
          "score": 84
        },
        {
          "recipient": 35,
          "score": 18
        },
        {
          "recipient": 37,
          "score": 82
        },
        {
          "recipient": 48,
          "score": 69
        }
      ],
      "bloodtype": "O"
    },
    "53": {
      "altruistic": true,
      "dage": 29,
      "matches": [
        {
          "recipient": 0,
          "score": 52
        },
        {
          "recipient": 1,
          "score": 42
        },
        {
          "recipient": 2,
          "score": 44
        },
        {
          "recipient": 3,
          "score": 40
        },
        {
          "recipient": 17,
          "score": 83
        },
        {
          "recipient": 18,
          "score": 76
        },
        {
          "recipient": 25,
          "score": 42
        },
        {
          "recipient": 35,
          "score": 11
        },
        {
          "recipient": 37,
          "score": 12
        },
        {
          "recipient": 41,
          "score": 1
        }
      ],
      "bloodtype": "O"
    },
    "54": {
      "altruistic": true,
      "dage": 54,
      "matches": [
        {
          "recipient": 39,
          "score": 47
        }
      ],
      "bloodtype": "A"
    },
    "55": {
      "altruistic": true,
      "dage": 23,
      "matches": [
        {
          "recipient": 1,
          "score": 17
        },
        {
          "recipient": 17,
          "score": 68
        },
        {
          "recipient": 25,
          "score": 3
        },
        {
          "recipient": 31,
          "score": 22
        },
        {
          "recipient": 35,
          "score": 67
        },
        {
          "recipient": 37,
          "score": 39
        }
      ],
      "bloodtype": "O"
    },
    "56": {
      "altruistic": true,
      "dage": 59,
      "matches": [
        {
          "recipient": 0,
          "score": 46
        },
        {
          "recipient": 1,
          "score": 77
        },
        {
          "recipient": 17,
          "score": 18
        },
        {
          "recipient": 25,
          "score": 47
        },
        {
          "recipient": 35,
          "score": 65
        },
        {
          "recipient": 37,
          "score": 1
        },
        {
          "recipient": 39,
          "score": 68
        },
        {
          "recipient": 43,
          "score": 26
        },
        {
          "recipient": 49,
          "score": 75
        }
      ],
      "bloodtype": "O"
    },
    "57": {
      "altruistic": true,
      "dage": 42,
      "matches": [
        {
          "recipient": 18,
          "score": 80
        },
        {
          "recipient": 39,
          "score": 15
        }
      ],
      "bloodtype": "A"
    },
    "58": {
      "altruistic": true,
      "dage": 55,
      "matches": [
        {
          "recipient": 8,
          "score": 78
        },
        {
          "recipient": 17,
          "score": 44
        },
        {
          "recipient": 18,
          "score": 50
        },
        {
          "recipient": 25,
          "score": 48
        },
        {
          "recipient": 35,
          "score": 47
        },
        {
          "recipient": 37,
          "score": 37
        }
      ],
      "bloodtype": "O"
    },
    "59": {
      "altruistic": true,
      "dage": 21,
      "matches": [
        {
          "recipient": 0,
          "score": 5
        },
        {
          "recipient": 17,
          "score": 43
        },
        {
          "recipient": 25,
          "score": 62
        },
        {
          "recipient": 35,
          "score": 18
        },
        {
          "recipient": 37,
          "score": 27
        },
        {
          "recipient": 44,
          "score": 63
        },
        {
          "recipient": 48,
          "score": 10
        }
      ],
      "bloodtype": "O"
    }
  },
  "recipients": {
    "0": {
      "cPRA": 0.22469451329248138,
      "bloodtype": "O",
      "hasBloodCompatibleDonor": false
    },
    "1": {
      "cPRA": 0.05861745691238783,
      "bloodtype": "O",
      "hasBloodCompatibleDonor": false
    },
    "2": {
      "cPRA": 0.94,
      "bloodtype": "O",
      "hasBloodCompatibleDonor": true
    },
    "3": {
      "cPRA": 0.95,
      "bloodtype": "A",
      "hasBloodCompatibleDonor": true
    },
    "4": {
      "cPRA": 1,
      "bloodtype": "A",
      "hasBloodCompatibleDonor": true
    },
    "5": {
      "cPRA": 1,
      "bloodtype": "A",
      "hasBloodCompatibleDonor": true
    },
    "6": {
      "cPRA": 0.99,
      "bloodtype": "O",
      "hasBloodCompatibleDonor": false
    },
    "7": {
      "cPRA": 0,
      "bloodtype": "O",
      "hasBloodCompatibleDonor": false
    },
    "8": {
      "cPRA": 0.7924432232648532,
      "bloodtype": "AB",
      "hasBloodCompatibleDonor": true
    },
    "9": {
      "cPRA": 1,
      "bloodtype": "B",
      "hasBloodCompatibleDonor": true
    },
    "10": {
      "cPRA": 1,
      "bloodtype": "A",
      "hasBloodCompatibleDonor": true
    },
    "11": {
      "cPRA": 1,
      "bloodtype": "O",
      "hasBloodCompatibleDonor": false
    },
    "12": {
      "cPRA": 1,
      "bloodtype": "O",
      "hasBloodCompatibleDonor": true
    },
    "13": {
      "cPRA": 0.97,
      "bloodtype": "O",
      "hasBloodCompatibleDonor": true
    },
    "14": {
      "cPRA": 1,
      "bloodtype": "A",
      "hasBloodCompatibleDonor": true
    },
    "15": {
      "cPRA": 0.98,
      "bloodtype": "O",
      "hasBloodCompatibleDonor": true
    },
    "16": {
      "cPRA": 1,
      "bloodtype": "A",
      "hasBloodCompatibleDonor": true
    },
    "17": {
      "cPRA": 0,
      "bloodtype": "O",
      "hasBloodCompatibleDonor": false
    },
    "18": {
      "cPRA": 0.621309859154255,
      "bloodtype": "A",
      "hasBloodCompatibleDonor": true
    },
    "19": {
      "cPRA": 0.98,
      "bloodtype": "A",
      "hasBloodCompatibleDonor": true
    },
    "20": {
      "cPRA": 1,
      "bloodtype": "O",
      "hasBloodCompatibleDonor": false
    },
    "21": {
      "cPRA": 0.97,
      "bloodtype": "O",
      "hasBloodCompatibleDonor": false
    },
    "22": {
      "cPRA": 1,
      "bloodtype": "B",
      "hasBloodCompatibleDonor": true
    },
    "23": {
      "cPRA": 1,
      "bloodtype": "A",
      "hasBloodCompatibleDonor": true
    },
    "24": {
      "cPRA": 1,
      "bloodtype": "O",
      "hasBloodCompatibleDonor": false
    },
    "25": {
      "cPRA": 0,
      "bloodtype": "O",
      "hasBloodCompatibleDonor": true
    },
    "26": {
      "cPRA": 0.98,
      "bloodtype": "O",
      "hasBloodCompatibleDonor": false
    },
    "27": {
      "cPRA": 1,
      "bloodtype": "O",
      "hasBloodCompatibleDonor": true
    },
    "28": {
      "cPRA": 1,
      "bloodtype": "O",
      "hasBloodCompatibleDonor": false
    },
    "29": {
      "cPRA": 0.98,
      "bloodtype": "A",
      "hasBloodCompatibleDonor": true
    },
    "30": {
      "cPRA": 0.93,
      "bloodtype": "A",
      "hasBloodCompatibleDonor": true
    },
    "31": {
      "cPRA": 0,
      "bloodtype": "O",
      "hasBloodCompatibleDonor": false
    },
    "32": {
      "cPRA": 1,
      "bloodtype": "A",
      "hasBloodCompatibleDonor": true
    },
    "33": {
      "cPRA": 1,
      "bloodtype": "O",
      "hasBloodCompatibleDonor": true
    },
    "34": {
      "cPRA": 1,
      "bloodtype": "O",
      "hasBloodCompatibleDonor": true
    },
    "35": {
      "cPRA": 0,
      "bloodtype": "O",
      "hasBloodCompatibleDonor": false
    },
    "36": {
      "cPRA": 0.98,
      "bloodtype": "B",
      "hasBloodCompatibleDonor": true
    },
    "37": {
      "cPRA": 0,
      "bloodtype": "O",
      "hasBloodCompatibleDonor": false
    },
    "38": {
      "cPRA": 0.97,
      "bloodtype": "O",
      "hasBloodCompatibleDonor": false
    },
    "39": {
      "cPRA": 0.4636823490800562,
      "bloodtype": "A",
      "hasBloodCompatibleDonor": true
    },
    "40": {
      "cPRA": 1,
      "bloodtype": "O",
      "hasBloodCompatibleDonor": true
    },
    "41": {
      "cPRA": 0,
      "bloodtype": "O",
      "hasBloodCompatibleDonor": false
    },
    "42": {
      "cPRA": 1,
      "bloodtype": "A",
      "hasBloodCompatibleDonor": true
    },
    "43": {
      "cPRA": 0.8620355359461628,
      "bloodtype": "AB",
      "hasBloodCompatibleDonor": true
    },
    "44": {
      "cPRA": 0,
      "bloodtype": "O",
      "hasBloodCompatibleDonor": false
    },
    "45": {
      "cPRA": 1,
      "bloodtype": "A",
      "hasBloodCompatibleDonor": true
    },
    "46": {
      "cPRA": 0.93,
      "bloodtype": "B",
      "hasBloodCompatibleDonor": true
    },
    "47": {
      "cPRA": 1,
      "bloodtype": "B",
      "hasBloodCompatibleDonor": false
    },
    "48": {
      "cPRA": 0,
      "bloodtype": "O",
      "hasBloodCompatibleDonor": true
    },
    "49": {
      "cPRA": 0.98,
      "bloodtype": "A",
      "hasBloodCompatibleDonor": true
    }
  }
}