{
  "data": {
    "0": {
      "sources": [
        0
      ],
      "dage": 36,
      "matches": [
        {
          "recipient": 1,
          "score": 16
        }
      ],
      "bloodtype": "A"
    },
    "1": {
      "sources": [
        1
      ],
      "dage": 40,
      "bloodtype": "AB"
    },
    "2": {
      "sources": [
        2
      ],
      "dage": 24,
      "matches": [
        {
          "recipient": 1,
          "score": 56
        },
        {
          "recipient": 3,
          "score": 83
        }
      ],
      "bloodtype": "A"
    },
    "3": {
      "sources": [
        3
      ],
      "dage": 64,
      "matches": [
        {
          "recipient": 1,
          "score": 65
        }
      ],
      "bloodtype": "A"
    },
    "4": {
      "sources": [
        4
      ],
      "dage": 47,
      "matches": [
        {
          "recipient": 1,
          "score": 79
        }
      ],
      "bloodtype": "A"
    },
    "5": {
      "sources": [
        5
      ],
      "dage": 61,
      "matches": [
        {
          "recipient": 1,
          "score": 10
        },
        {
          "recipient": 22,
          "score": 64
        },
        {
          "recipient": 23,
          "score": 78
        },
        {
          "recipient": 24,
          "score": 34
        },
        {
          "recipient": 33,
          "score": 2
        },
        {
          "recipient": 37,
          "score": 7
        },
        {
          "recipient": 42,
          "score": 67
        }
      ],
      "bloodtype": "O"
    },
    "6": {
      "sources": [
        6
      ],
      "dage": 36,
      "matches": [
        {
          "recipient": 1,
          "score": 83
        }
      ],
      "bloodtype": "A"
    },
    "7": {
      "sources": [
        7
      ],
      "dage": 48,
      "matches": [
        {
          "recipient": 1,
          "score": 76
        }
      ],
      "bloodtype": "A"
    },
    "8": {
      "sources": [
        8
      ],
      "dage": 67,
      "bloodtype": "B"
    },
    "9": {
      "sources": [
        9
      ],
      "dage": 64,
      "bloodtype": "B"
    },
    "10": {
      "sources": [
        10
      ],
      "dage": 55,
      "matches": [
        {
          "recipient": 1,
          "score": 77
        }
      ],
      "bloodtype": "A"
    },
    "11": {
      "sources": [
        11
      ],
      "dage": 24,
      "bloodtype": "B"
    },
    "12": {
      "sources": [
        12
      ],
      "dage": 62,
      "matches": [
        {
          "recipient": 1,
          "score": 22
        }
      ],
      "bloodtype": "A"
    },
    "13": {
      "sources": [
        13
      ],
      "dage": 49,
      "matches": [
        {
          "recipient": 1,
          "score": 3
        },
        {
          "recipient": 3,
          "score": 48
        }
      ],
      "bloodtype": "A"
    },
    "14": {
      "sources": [
        14
      ],
      "dage": 62,
      "matches": [
        {
          "recipient": 1,
          "score": 46
        },
        {
          "recipient": 3,
          "score": 55
        },
        {
          "recipient": 9,
          "score": 78
        },
        {
          "recipient": 18,
          "score": 22
        },
        {
          "recipient": 22,
          "score": 24
        },
        {
          "recipient": 23,
          "score": 34
        },
        {
          "recipient": 24,
          "score": 67
        },
        {
          "recipient": 25,
          "score": 1
        },
        {
          "recipient": 26,
          "score": 6
        },
        {
          "recipient": 27,
          "score": 36
        },
        {
          "recipient": 30,
          "score": 45
        },
        {
          "recipient": 33,
          "score": 65
        },
        {
          "recipient": 37,
          "score": 46
        },
        {
          "recipient": 41,
          "score": 54
        }
      ],
      "bloodtype": "O"
    },
    "15": {
      "sources": [
        15
      ],
      "dage": 47,
      "bloodtype": "B"
    },
    "16": {
      "sources": [
        16
      ],
      "dage": 24,
      "matches": [
        {
          "recipient": 1,
          "score": 26
        }
      ],
      "bloodtype": "A"
    },
    "17": {
      "sources": [
        17
      ],
      "dage": 49,
      "matches": [
        {
          "recipient": 1,
          "score": 81
        },
        {
          "recipient": 3,
          "score": 49
        },
        {
          "recipient": 9,
          "score": 6
        },
        {
          "recipient": 16,
          "score": 57
        },
        {
          "recipient": 22,
          "score": 2
        },
        {
          "recipient": 23,
          "score": 41
        },
        {
          "recipient": 24,
          "score": 80
        },
        {
          "recipient": 26,
          "score": 72
        },
        {
          "recipient": 27,
          "score": 10
        },
        {
          "recipient": 28,
          "score": 69
        },
        {
          "recipient": 30,
          "score": 10
        },
        {
          "recipient": 33,
          "score": 84
        },
        {
          "recipient": 41,
          "score": 55
        }
      ],
      "bloodtype": "O"
    },
    "18": {
      "sources": [
        18
      ],
      "dage": 59,
      "matches": [
        {
          "recipient": 1,
          "score": 30
        }
      ],
      "bloodtype": "A"
    },
    "19": {
      "sources": [
        19
      ],
      "dage": 25,
      "matches": [
        {
          "recipient": 1,
          "score": 39
        },
        {
          "recipient": 9,
          "score": 32
        },
        {
          "recipient": 18,
          "score": 80
        },
        {
          "recipient": 22,
          "score": 24
        },
        {
          "recipient": 23,
          "score": 21
        },
        {
          "recipient": 30,
          "score": 23
        },
        {
          "recipient": 33,
          "score": 1
        }
      ],
      "bloodtype": "O"
    },
    "20": {
      "sources": [
        20
      ],
      "dage": 22,
      "matches": [
        {
          "recipient": 1,
          "score": 14
        },
        {
          "recipient": 2,
          "score": 36
        },
        {
          "recipient": 9,
          "score": 43
        },
        {
          "recipient": 14,
          "score": 58
        },
        {
          "recipient": 18,
          "score": 41
        },
        {
          "recipient": 22,
          "score": 87
        },
        {
          "recipient": 30,
          "score": 23
        },
        {
          "recipient": 33,
          "score": 13
        },
        {
          "recipient": 37,
          "score": 32
        }
      ],
      "bloodtype": "O"
    },
    "21": {
      "sources": [
        21
      ],
      "dage": 59,
      "matches": [
        {
          "recipient": 1,
          "score": 5
        },
        {
          "recipient": 9,
          "score": 84
        },
        {
          "recipient": 11,
          "score": 5
        },
        {
          "recipient": 18,
          "score": 27
        },
        {
          "recipient": 22,
          "score": 32
        },
        {
          "recipient": 23,
          "score": 40
        },
        {
          "recipient": 24,
          "score": 71
        },
        {
          "recipient": 32,
          "score": 60
        },
        {
          "recipient": 33,
          "score": 62
        },
        {
          "recipient": 37,
          "score": 71
        },
        {
          "recipient": 38,
          "score": 49
        },
        {
          "recipient": 41,
          "score": 24
        },
        {
          "recipient": 44,
          "score": 10
        }
      ],
      "bloodtype": "O"
    },
    "22": {
      "sources": [
        22
      ],
      "dage": 38,
      "matches": [
        {
          "recipient": 1,
          "score": 52
        }
      ],
      "bloodtype": "A"
    },
    "23": {
      "sources": [
        23
      ],
      "dage": 54,
      "matches": [
        {
          "recipient": 1,
          "score": 60
        }
      ],
      "bloodtype": "A"
    },
    "24": {
      "sources": [
        24
      ],
      "dage": 31,
      "matches": [
        {
          "recipient": 1,
          "score": 74
        }
      ],
      "bloodtype": "A"
    },
    "25": {
      "sources": [
        25
      ],
      "dage": 40,
      "matches": [
        {
          "recipient": 1,
          "score": 57
        },
        {
          "recipient": 3,
          "score": 22
        }
      ],
      "bloodtype": "A"
    },
    "26": {
      "sources": [
        26
      ],
      "dage": 29,
      "matches": [
        {
          "recipient": 1,
          "score": 10
        },
        {
          "recipient": 9,
          "score": 65
        },
        {
          "recipient": 11,
          "score": 29
        },
        {
          "recipient": 16,
          "score": 40
        },
        {
          "recipient": 18,
          "score": 67
        },
        {
          "recipient": 22,
          "score": 24
        },
        {
          "recipient": 23,
          "score": 31
        },
        {
          "recipient": 24,
          "score": 79
        },
        {
          "recipient": 32,
          "score": 75
        },
        {
          "recipient": 33,
          "score": 33
        },
        {
          "recipient": 41,
          "score": 29
        }
      ],
      "bloodtype": "O"
    },
    "27": {
      "sources": [
        27
      ],
      "dage": 44,
      "matches": [
        {
          "recipient": 1,
          "score": 9
        }
      ],
      "bloodtype": "A"
    },
    "28": {
      "sources": [
        28
      ],
      "dage": 46,
      "matches": [
        {
          "recipient": 1,
          "score": 78
        },
        {
          "recipient": 3,
          "score": 68
        }
      ],
      "bloodtype": "A"
    },
    "29": {
      "sources": [
        29
      ],
      "dage": 54,
      "matches": [
        {
          "recipient": 1,
          "score": 16
        }
      ],
      "bloodtype": "A"
    },
    "30": {
      "sources": [
        30
      ],
      "dage": 51,
      "matches": [
        {
          "recipient": 1,
          "score": 53
        },
        {
          "recipient": 3,
          "score": 73
        },
        {
          "recipient": 4,
          "score": 64
        }
      ],
      "bloodtype": "A"
    },
    "31": {
      "sources": [
        31
      ],
      "dage": 19,
      "matches": [
        {
          "recipient": 0,
          "score": 29
        },
        {
          "recipient": 1,
          "score": 55
        }
      ],
      "bloodtype": "A"
    },
    "32": {
      "sources": [
        32
      ],
      "dage": 30,
      "matches": [
        {
          "recipient": 1,
          "score": 30
        },
        {
          "recipient": 2,
          "score": 62
        },
        {
          "recipient": 12,
          "score": 25
        },
        {
          "recipient": 18,
          "score": 35
        },
        {
          "recipient": 22,
          "score": 55
        },
        {
          "recipient": 23,
          "score": 5
        },
        {
          "recipient": 24,
          "score": 87
        },
        {
          "recipient": 33,
          "score": 52
        },
        {
          "recipient": 36,
          "score": 22
        }
      ],
      "bloodtype": "O"
    },
    "33": {
      "sources": [
        33
      ],
      "dage": 47,
      "matches": [
        {
          "recipient": 1,
          "score": 42
        }
      ],
      "bloodtype": "A"
    },
    "34": {
      "sources": [
        34
      ],
      "dage": 60,
      "matches": [
        {
          "recipient": 1,
          "score": 50
        },
        {
          "recipient": 9,
          "score": 82
        },
        {
          "recipient": 11,
          "score": 48
        },
        {
          "recipient": 22,
          "score": 48
        },
        {
          "recipient": 23,
          "score": 15
        },
        {
          "recipient": 24,
          "score": 8
        },
        {
          "recipient": 25,
          "score": 7
        },
        {
          "recipient": 28,
          "score": 46
        },
        {
          "recipient": 33,
          "score": 35
        }
      ],
      "bloodtype": "O"
    },
    "35": {
      "sources": [
        35
      ],
      "dage": 30,
      "matches": [
        {
          "recipient": 1,
          "score": 41
        }
      ],
      "bloodtype": "A"
    },
    "36": {
      "sources": [
        36
      ],
      "dage": 35,
      "matches": [
        {
          "recipient": 1,
          "score": 32
        },
        {
          "recipient": 9,
          "score": 1
        },
        {
          "recipient": 22,
          "score": 40
        },
        {
          "recipient": 23,
          "score": 23
        },
        {
          "recipient": 28,
          "score": 18
        },
        {
          "recipient": 33,
          "score": 7
        },
        {
          "recipient": 37,
          "score": 76
        },
        {
          "recipient": 39,
          "score": 86
        },
        {
          "recipient": 41,
          "score": 14
        },
        {
          "recipient": 44,
          "score": 24
        }
      ],
      "bloodtype": "O"
    },
    "37": {
      "sources": [
        37
      ],
      "dage": 27,
      "bloodtype": "AB"
    },
    "38": {
      "sources": [
        38
      ],
      "dage": 32,
      "matches": [
        {
          "recipient": 1,
          "score": 65
        },
        {
          "recipient": 6,
          "score": 29
        },
        {
          "recipient": 9,
          "score": 11
        },
        {
          "recipient": 22,
          "score": 34
        },
        {
          "recipient": 23,
          "score": 22
        },
        {
          "recipient": 24,
          "score": 70
        },
        {
          "recipient": 27,
          "score": 36
        },
        {
          "recipient": 33,
          "score": 73
        },
        {
          "recipient": 37,
          "score": 53
        },
        {
          "recipient": 41,
          "score": 19
        }
      ],
      "bloodtype": "O"
    },
    "39": {
      "sources": [
        39
      ],
      "dage": 55,
      "matches": [
        {
          "recipient": 1,
          "score": 24
        }
      ],
      "bloodtype": "A"
    },
    "40": {
      "sources": [
        40
      ],
      "dage": 25,
      "matches": [
        {
          "recipient": 1,
          "score": 81
        },
        {
          "recipient": 14,
          "score": 73
        }
      ],
      "bloodtype": "A"
    },
    "41": {
      "sources": [
        41
      ],
      "dage": 22,
      "matches": [
        {
          "recipient": 1,
          "score": 69
        }
      ],
      "bloodtype": "A"
    },
    "42": {
      "sources": [
        42
      ],
      "dage": 66,
      "matches": [
        {
          "recipient": 1,
          "score": 56
        }
      ],
      "bloodtype": "A"
    },
    "43": {
      "sources": [
        43
      ],
      "dage": 25,
      "matches": [
        {
          "recipient": 1,
          "score": 55
        }
      ],
      "bloodtype": "A"
    },
    "44": {
      "sources": [
        44
      ],
      "dage": 46,
      "matches": [
        {
          "recipient": 1,
          "score": 27
        },
        {
          "recipient": 9,
          "score": 10
        },
        {
          "recipient": 18,
          "score": 78
        },
        {
          "recipient": 22,
          "score": 64
        },
        {
          "recipient": 23,
          "score": 63
        },
        {
          "recipient": 32,
          "score": 17
        },
        {
          "recipient": 33,
          "score": 78
        },
        {
          "recipient": 37,
          "score": 76
        },
        {
          "recipient": 41,
          "score": 49
        }
      ],
      "bloodtype": "O"
    },
    "45": {
      "sources": [
        45
      ],
      "dage": 25,
      "matches": [
        {
          "recipient": 0,
          "score": 44
        },
        {
          "recipient": 1,
          "score": 40
        },
        {
          "recipient": 2,
          "score": 32
        },
        {
          "recipient": 3,
          "score": 81
        },
        {
          "recipient": 9,
          "score": 49
        },
        {
          "recipient": 11,
          "score": 64
        },
        {
          "recipient": 18,
          "score": 86
        },
        {
          "recipient": 22,
          "score": 67
        },
        {
          "recipient": 24,
          "score": 32
        },
        {
          "recipient": 33,
          "score": 18
        },
        {
          "recipient": 36,
          "score": 79
        },
        {
          "recipient": 41,
          "score": 55
        }
      ],
      "bloodtype": "O"
    },
    "46": {
      "sources": [
        46
      ],
      "dage": 48,
      "matches": [
        {
          "recipient": 1,
          "score": 20
        },
        {
          "recipient": 9,
          "score": 25
        },
        {
          "recipient": 16,
          "score": 74
        },
        {
          "recipient": 18,
          "score": 1
        },
        {
          "recipient": 22,
          "score": 89
        },
        {
          "recipient": 23,
          "score": 42
        },
        {
          "recipient": 25,
          "score": 47
        },
        {
          "recipient": 33,
          "score": 62
        }
      ],
      "bloodtype": "O"
    },
    "47": {
      "sources": [
        47
      ],
      "dage": 35,
      "matches": [
        {
          "recipient": 1,
          "score": 58
        },
        {
          "recipient": 9,
          "score": 72
        },
        {
          "recipient": 16,
          "score": 81
        },
        {
          "recipient": 18,
          "score": 14
        },
        {
          "recipient": 22,
          "score": 72
        },
        {
          "recipient": 23,
          "score": 15
        },
        {
          "recipient": 24,
          "score": 9
        },
        {
          "recipient": 28,
          "score": 37
        },
        {
          "recipient": 33,
          "score": 35
        },
        {
          "recipient": 38,
          "score": 43
        },
        {
          "recipient": 41,
          "score": 22
        }
      ],
      "bloodtype": "O"
    },
    "48": {
      "sources": [
        48
      ],
      "dage": 24,
      "matches": [
        {
          "recipient": 1,
          "score": 20
        },
        {
          "recipient": 3,
          "score": 8
        }
      ],
      "bloodtype": "A"
    },
    "49": {
      "sources": [
        49
      ],
      "dage": 34,
      "bloodtype": "AB"
    },
    "50": {
      "altruistic": true,
      "dage": 32,
      "matches": [
        {
          "recipient": 1,
          "score": 4
        }
      ],
      "bloodtype": "A"
    },
    "51": {
      "altruistic": true,
      "dage": 41,
      "matches": [
        {
          "recipient": 1,
          "score": 68
        },
        {
          "recipient": 3,
          "score": 26
        }
      ],
      "bloodtype": "A"
    },
    "52": {
      "altruistic": true,
      "dage": 26,
      "matches": [
        {
          "recipient": 1,
          "score": 67
        },
        {
          "recipient": 9,
          "score": 17
        },
        {
          "recipient": 12,
          "score": 84
        },
        {
          "recipient": 18,
          "score": 38
        },
        {
          "recipient": 22,
          "score": 24
        },
        {
          "recipient": 23,
          "score": 76
        },
        {
          "recipient": 28,
          "score": 73
        },
        {
          "recipient": 33,
          "score": 27
        },
        {
          "recipient": 41,
          "score": 81
        },
        {
          "recipient": 43,
          "score": 80
        }
      ],
      "bloodtype": "O"
    },
    "53": {
      "altruistic": true,
      "dage": 62,
      "matches": [
        {
          "recipient": 1,
          "score": 8
        }
      ],
      "bloodtype": "A"
    },
    "54": {
      "altruistic": true,
      "dage": 35,
      "matches": [
        {
          "recipient": 1,
          "score": 17
        },
        {
          "recipient": 2,
          "score": 66
        },
        {
          "recipient": 3,
          "score": 20
        },
        {
          "recipient": 9,
          "score": 53
        },
        {
          "recipient": 11,
          "score": 9
        },
        {
          "recipient": 18,
          "score": 73
        },
        {
          "recipient": 22,
          "score": 56
        },
        {
          "recipient": 24,
          "score": 86
        },
        {
          "recipient": 32,
          "score": 26
        },
        {
          "recipient": 33,
          "score": 2
        },
        {
          "recipient": 34,
          "score": 29
        }
      ],
      "bloodtype": "O"
    },
    "55": {
      "altruistic": true,
      "dage": 45,
      "matches": [
        {
          "recipient": 1,
          "score": 25
        },
        {
          "recipient": 4,
          "score": 58
        }
      ],
      "bloodtype": "A"
    },
    "56": {
      "altruistic": true,
      "dage": 51,
      "matches": [
        {
          "recipient": 1,
          "score": 30
        },
        {
          "recipient": 19,
          "score": 49
        }
      ],
      "bloodtype": "A"
    },
    "57": {
      "altruistic": true,
      "dage": 50,
      "matches": [
        {
          "recipient": 1,
          "score": 41
        },
        {
          "recipient": 3,
          "score": 28
        }
      ],
      "bloodtype": "A"
    },
    "58": {
      "altruistic": true,
      "dage": 41,
      "matches": [
        {
          "recipient": 1,
          "score": 30
        }
      ],
      "bloodtype": "A"
    },
    "59": {
      "altruistic": true,
      "dage": 52,
      "matches": [
        {
          "recipient": 1,
          "score": 65
        }
      ],
      "bloodtype": "A"
    }
  },
  "recipients": {
    "0": {
      "cPRA": 0.97,
      "bloodtype": "AB",
      "hasBloodCompatibleDonor": true
    },
    "1": {
      "cPRA": 0,
      "bloodtype": "A",
      "hasBloodCompatibleDonor": false
    },
    "2": {
      "cPRA": 0.6973739358628871,
      "bloodtype": "O",
      "hasBloodCompatibleDonor": false
    },
    "3": {
      "cPRA": 0.7641909947532409,
      "bloodtype": "A",
      "hasBloodCompatibleDonor": true
    },
    "4": {
      "cPRA": 1,
      "bloodtype": "A",
      "hasBloodCompatibleDonor": true
    },
    "5": {
      "cPRA": 0.99,
      "bloodtype": "O",
      "hasBloodCompatibleDonor": true
    },
    "6": {
      "cPRA": 0.887179014415324,
      "bloodtype": "O",
      "hasBloodCompatibleDonor": false
    },
    "7": {
      "cPRA": 0.99,
      "bloodtype": "O",
      "hasBloodCompatibleDonor": false
    },
    "8": {
      "cPRA": 0.98,
      "bloodtype": "B",
      "hasBloodCompatibleDonor": true
    },
    "9": {
      "cPRA": 0,
      "bloodtype": "O",
      "hasBloodCompatibleDonor": false
    },
    "10": {
      "cPRA": 0.91,
      "bloodtype": "O",
      "hasBloodCompatibleDonor": false
    },
    "11": {
      "cPRA": 0.6388135531352659,
      "bloodtype": "O",
      "hasBloodCompatibleDonor": false
    },
    "12": {
      "cPRA": 0.5699300886718881,
      "bloodtype": "O",
      "hasBloodCompatibleDonor": false
    },
    "13": {
      "cPRA": 1,
      "bloodtype": "A",
      "hasBloodCompatibleDonor": true
    },
    "14": {
      "cPRA": 0.99,
      "bloodtype": "A",
      "hasBloodCompatibleDonor": true
    },
    "15": {
      "cPRA": 0.92,
      "bloodtype": "O",
      "hasBloodCompatibleDonor": false
    },
    "16": {
      "cPRA": 0,
      "bloodtype": "O",
      "hasBloodCompatibleDonor": false
    },
    "17": {
      "cPRA": 0.99,
      "bloodtype": "O",
      "hasBloodCompatibleDonor": true
    },
    "18": {
      "cPRA": 0,
      "bloodtype": "O",
      "hasBloodCompatibleDonor": false
    },
    "19": {
      "cPRA": 0.99,
      "bloodtype": "A",
      "hasBloodCompatibleDonor": true
    },
    "20": {
      "cPRA": 0.99,
      "bloodtype": "O",
      "hasBloodCompatibleDonor": true
    },
    "21": {
      "cPRA": 0.95,
      "bloodtype": "B",
      "hasBloodCompatibleDonor": true
    },
    "22": {
      "cPRA": 0,
      "bloodtype": "O",
      "hasBloodCompatibleDonor": false
    },
    "23": {
      "cPRA": 0,
      "bloodtype": "O",
      "hasBloodCompatibleDonor": false
    },
    "24": {
      "cPRA": 0.14525511797172075,
      "bloodtype": "O",
      "hasBloodCompatibleDonor": false
    },
    "25": {
      "cPRA": 0,
      "bloodtype": "O",
      "hasBloodCompatibleDonor": false
    },
    "26": {
      "cPRA": 0.94,
      "bloodtype": "O",
      "hasBloodCompatibleDonor": true
    },
    "27": {
      "cPRA": 0.7176693987763039,
      "bloodtype": "O",
      "hasBloodCompatibleDonor": false
    },
    "28": {
      "cPRA": 0,
      "bloodtype": "O",
      "hasBloodCompatibleDonor": false
    },
    "29": {
      "cPRA": 0.98,
      "bloodtype": "O",
      "hasBloodCompatibleDonor": false
    },
    "30": {
      "cPRA": 0.8556247696549033,
      "bloodtype": "O",
      "hasBloodCompatibleDonor": false
    },
    "31": {
      "cPRA": 0.8697856561738141,
      "bloodtype": "O",
      "hasBloodCompatibleDonor": false
    },
    "32": {
      "cPRA": 0.7673259963039765,
      "bloodtype": "O",
      "hasBloodCompatibleDonor": true
    },
    "33": {
      "cPRA": 0,
      "bloodtype": "O",
      "hasBloodCompatibleDonor": false
    },
    "34": {
      "cPRA": 0.93,
      "bloodtype": "O",
      "hasBloodCompatibleDonor": true
    },
    "35": {
      "cPRA": 0.99,
      "bloodtype": "O",
      "hasBloodCompatibleDonor": false
    },
    "36": {
      "cPRA": 0.97,
      "bloodtype": "O",
      "hasBloodCompatibleDonor": true
    },
    "37": {
      "cPRA": 0,
      "bloodtype": "O",
      "hasBloodCompatibleDonor": false
    },
    "38": {
      "cPRA": 0.8673413594245815,
      "bloodtype": "O",
      "hasBloodCompatibleDonor": true
    },
    "39": {
      "cPRA": 0.98,
      "bloodtype": "A",
      "hasBloodCompatibleDonor": true
    },
    "40": {
      "cPRA": 1,
      "bloodtype": "O",
      "hasBloodCompatibleDonor": false
    },
    "41": {
      "cPRA": 0.3447896879542337,
      "bloodtype": "O",
      "hasBloodCompatibleDonor": false
    },
    "42": {
      "cPRA": 0.99,
      "bloodtype": "O",
      "hasBloodCompatibleDonor": false
    },
    "43": {
      "cPRA": 0.99,
      "bloodtype": "A",
      "hasBloodCompatibleDonor": true
    },
    "44": {
      "cPRA": 0.93,
      "bloodtype": "O",
      "hasBloodCompatibleDonor": true
    },
    "45": {
      "cPRA": 0.99,
      "bloodtype": "O",
      "hasBloodCompatibleDonor": true
    },
    "46": {
      "cPRA": 0.93,
      "bloodtype": "O",
      "hasBloodCompatibleDonor": true
    },
    "47": {
      "cPRA": 0.94,
      "bloodtype": "O",
      "hasBloodCompatibleDonor": true
    },
    "48": {
      "cPRA": 0.96,
      "bloodtype": "O",
      "hasBloodCompatibleDonor": false
    },
    "49": {
      "cPRA": 0.99,
      "bloodtype": "A",
      "hasBloodCompatibleDonor": false
    }
  }
}